Bike_Lat,Bike_Long,name,distance,postcode
37.849735,-122.270582,El Tiny Cafe,26,94703
37.849735,-122.270582,Las Palmas Super Burritos and Heros,33,94703
37.849735,-122.270582,The Fat Fish,41,94703
37.33618830029063,-121.8892765045166,Goodtime Bar,34,95113
37.33618830029063,-121.8892765045166,Pastelaria Adega,50,95113
37.33618830029063,-121.8892765045166,Miniboss,56,95113
37.322124625448566,-121.88109040260316,5 Spot Chivas Grill,112,95110
37.322124625448566,-121.88109040260316,Wienerschnitzel,122,95110
37.322124625448566,-121.88109040260316,Clandestine Brewing Tap Room,221,95110
37.3236779,-121.8741186,Brickyard Condos,287,95112
37.3236779,-121.8741186,Bui Phong Bakery,338,95112
37.3236779,-121.8741186,Javi's Keyes Club,372,95112
37.3259984,-121.87712,Brickyard Condos,464,95112
37.3259984,-121.87712,Camino Brewing Co.,465,95113
37.3259984,-121.87712,5 Spot Chivas Grill,467,95110
37.3229796,-121.8879312,Metro Balderas 1,217,95110
37.3229796,-121.8879312,House of Pizza,390,95110
37.3229796,-121.8879312,Rosario's Tacos,420,95110
37.327581,-121.884559,La Penita Restaurant,135,95113
37.327581,-121.884559,San Jose Stage Company,137,95113
37.327581,-121.884559,Orchestria Palm Court,168,95112
37.3327938,-121.8759263,The Corner Cafe & Diner,33,95112
37.3327938,-121.8759263,Cali Spartan Mexican Kitchen,56,95112
37.3327938,-121.8759263,Super Taqueria,90,95112
37.3448821,-121.8969655,Smile Market,294,95112
37.3448821,-121.8969655,Kelly's Liquor Store,334,95112
37.3448821,-121.8969655,IHOP,369,95112
37.3413348,-121.9031829,BJ's Restaurant & Brewhouse,120,95110
37.3413348,-121.9031829,Panera Bread,136,95110
37.3413348,-121.9031829,Wingstop,144,95110
37.80781318217903,-122.26449608802795,Tacos La San Marquenna,70,94612
37.80781318217903,-122.26449608802795,The Overlook Lounge,121,94612
37.80781318217903,-122.26449608802795,19th Street Station,202,94612
37.8110807,-122.2432677,Bardo Lounge & Supper Club,15,94610
37.8110807,-122.2432677,Flipside,16,94610
37.8110807,-122.2432677,Einstein Bros. Bagels,23,94610
37.80889393398715,-122.25646018981932,Oasis Kitchen,21,94610
37.80889393398715,-122.25646018981932,Los Cantaros Restaurant and Taqueria,24,94610
37.80889393398715,-122.25646018981932,Oasis Lounge,30,94610
37.8305452,-122.2739367,Tacos Chavez,86,94608
37.8305452,-122.2739367,Joodooboo,212,94608
37.8305452,-122.2739367,Shangri-La Vegan,265,94608
37.8302232,-122.2709501,YogaLove West Oakland,172,94608
37.8302232,-122.2709501,Arthur Mac's Tap and Snack,246,94609
37.8302232,-122.2709501,MLK Cafe,272,94609
37.8127441,-122.2472152,Ikaros Greek Restaurant,14,94610
37.8127441,-122.2472152,Qi Dumpling Lounge,20,94610
37.8127441,-122.2472152,Melomelo Kava Bar Exp,25,94610
37.85578332030199,-122.28312671184538,Tacos Sinaloa,293,94702
37.85578332030199,-122.28312671184538,Broom Bush Cafe,442,94702
37.85578332030199,-122.28312671184538,Kaffa Ethiopian Cuisine,450,94702
37.85557366182879,-122.2635653614998,Cafe Buenos Aires,246,94705
37.85557366182879,-122.2635653614998,Mochinut,246,94705
37.85557366182879,-122.2635653614998,Sesame Tiny Bakery,251,94710
37.8575672,-122.2675583,Berkeley Bowl Produce,43,94703
37.8575672,-122.2675583,Buggy Bank,109,94705
37.8575672,-122.2675583,Crixa Cakes,128,94703
37.3429973,-121.8888891,Mi Pueblo Food Center,38,95112
37.3429973,-121.8888891,La Victoria Taqueria,212,95112
37.3429973,-121.8888891,Freshly Baked Eatery,412,95112
37.3322326,-121.9125165,Starbucks,14,95126
37.3322326,-121.9125165,Subway,25,95126
37.3322326,-121.9125165,Rosie's New York Pizza,32,95126
37.3319323,-121.9048882,Whole Foods,29,95126
37.3319323,-121.9048882,Taqueria,31,95126
37.3319323,-121.9048882,Mission Creek Brewing Co.,47,95126
37.3391456,-121.8841054,Tostadas San Jose,13,95113
37.3391456,-121.8841054,Pho Passion and Mintea,28,95113
37.3391456,-121.8841054,Punjab Cafe,36,95113
37.32086614588923,-121.87627851963045,Brickyard Condos,111,95112
37.32086614588923,-121.87627851963045,Burger Bar,166,95110
37.32086614588923,-121.87627851963045,Clandestine Brewing Tap Room,227,95110
37.7630152,-122.4264968,Bi-Rite Creamery Truck,186,94110
37.7630152,-122.4264968,SPRO Coffee Lab,191,94114
37.7630152,-122.4264968,Turner's Kitchen,193,94110
37.76704457969368,-122.39083349704742,SF Kebab,77,94158
37.76704457969368,-122.39083349704742,Poke Delish,138,94158
37.76704457969368,-122.39083349704742,Cafe 24,161,94143
37.32911866814779,-121.90457582473756,Cahill Park,37,95126
37.32911866814779,-121.90457582473756,Britainnia Arms,173,95110
37.32911866814779,-121.90457582473756,Savory Kitchen,184,95126
37.7316566899845,-122.45112150907516,Shanghai Dumpling King,7,94127
37.7316566899845,-122.45112150907516,Won Kok Restaurant,19,94127
37.7316566899845,-122.45112150907516,Railroad Expresso,32,94127
37.80000163118878,-122.26643800735472,Mad Oak,149,94607
37.80000163118878,-122.26643800735472,Luckyduck Bicycle Cafe,270,94607
37.80000163118878,-122.26643800735472,Oakland Museum of California,286,94607
37.80696976095594,-122.26658821105956,Parlour,39,94612
37.80696976095594,-122.26658821105956,19th Street Station,48,94612
37.80696976095594,-122.26658821105956,Drexl,76,94612
37.80477,-122.403234,Bay Club San Francisco,159,94111
37.80477,-122.403234,Hillstone,212,94111
37.80477,-122.403234,Pier 23 Cafe,261,94111
37.771762110313176,-122.39843755960464,Mission Creek Dog Park,125,94158
37.771762110313176,-122.39843755960464,I'a Poke,376,94107
37.771762110313176,-122.39843755960464,Mission Creek Park,412,94158
37.771058,-122.402717,Okane,54,94103
37.771058,-122.402717,Omakase,59,94103
37.771058,-122.402717,I'a Poke,112,94107
37.772300631747626,-122.3930275440216,Mission Creek Park,105,94158
37.772300631747626,-122.3930275440216,Happy Lemon,160,94158
37.772300631747626,-122.3930275440216,Mazu Spa,168,94158
37.7662185,-122.4310597,Willkommen,21,94114
37.7662185,-122.4310597,Black Hammer Brewing,42,94114
37.7662185,-122.4310597,People Hair & Nails Spa,58,94114
37.8717192,-122.2730677,Trader Joe's,4,94703
37.8717192,-122.2730677,Gold Leaf Cafe,31,94704
37.8717192,-122.2730677,Rojbas Grill,33,94704
37.778058,-122.2254,China Joe Fast Food,31,94601
37.778058,-122.2254,Panaderia La Favorita,40,94601
37.778058,-122.2254,Los Cocos Salvadorian Restaurant,42,94601
37.8072393,-122.2893702,Orbit Coffee 7th St,358,94607
37.8072393,-122.2893702,7th West,365,94607
37.8072393,-122.2893702,The Big Apple Cafe,387,94607
37.7752321,-122.2244982,Powderface,3,94601
37.7752321,-122.2244982,Wahpepah’s Kitchen,14,94601
37.7752321,-122.2244982,Emil's Burger & Breakfast,32,94601
37.80874983465997,-122.28328227996823,The Big Apple Cafe,327,94607
37.80874983465997,-122.28328227996823,After Hours Spot Strip Club,385,94607
37.80874983465997,-122.28328227996823,West Oakland Senior Center,438,94607
37.8061628,-122.2760402,Resident Lounge,99,94612
37.8061628,-122.2760402,Rio California,128,94612
37.8061628,-122.2760402,City Cup,145,94612
37.7440667,-122.4214722,Urbana,22,94110
37.7440667,-122.4214722,Cafe Seventy8,34,94110
37.7440667,-122.4214722,Coco's Ramen,43,94110
37.7472996,-122.4114029,Doma Sushi Bar,72,94110
37.7472996,-122.4114029,Precita Park,76,94110
37.7472996,-122.4114029,Precita Park Cafe and Grill,78,94110
37.7436839,-122.4268059,Regent Thai Restaurant,5,94131
37.7436839,-122.4268059,Clay Oven Indian Cuisine,14,94131
37.7436839,-122.4268059,Henry's Hunan Restaurant,21,94131
37.745738796183325,-122.42214024066924,Bac Lieu Restaurant,160,94110
37.745738796183325,-122.42214024066924,Blue Plate,161,94110
37.745738796183325,-122.42214024066924,Emmy's Spaghetti Shack,176,94110
37.7478584,-122.4249863,Omnivore Books on Food,162,94131
37.7478584,-122.4249863,Chloe's Cafe,203,94114
37.7478584,-122.4249863,26th & Guerrero Market,226,94110
37.8297046,-122.2876102,Rudy's Can't Fail Cafe,204,94608
37.8297046,-122.2876102,Starbucks,206,94608
37.8297046,-122.2876102,East Bay Bridge,217,94608
37.8312752,-122.2856333,Rudy's Can't Fail Cafe,42,94608
37.8312752,-122.2856333,The Steve Jobs Theater - Pixar Animation Studios,216,94608
37.8312752,-122.2856333,East Bay Bridge,273,94608
37.7552126,-122.4209752,Radio Habana Social Club,6,94110
37.7552126,-122.4209752,Boogaloos,20,94110
37.7552126,-122.4209752,The Pretty Pretty Collective,25,94110
37.7518194,-122.4266139,Noe Valley Wine Merchants,120,94114
37.7518194,-122.4266139,The Dubliner,154,94114
37.7518194,-122.4266139,Noe Valley Farmers Market,212,94114
37.7524278,-122.4206278,Arizmendi Bakery Panaderia & Pizzeria,17,94110
37.7524278,-122.4206278,Papalote Mexican Grill,60,94110
37.7524278,-122.4206278,Beloved Cafe,127,94110
37.7509004,-122.4274114,Noe Valley Wine Merchants,96,94114
37.7509004,-122.4274114,The Dubliner,120,94114
37.7509004,-122.4274114,Billingsgate,134,94114
37.78729,-122.39438,Cocoon Urban Day Spa,47,94105
37.78729,-122.39438,Philz Coffee,194,94105
37.78729,-122.39438,Carnivale of Cocktails,232,94105
37.7913,-122.399051,Philz Coffee,40,94111
37.7913,-122.399051,The Shota,152,94104
37.7913,-122.399051,The Treasury,155,94104
37.7824046019341,-122.43944585323337,The Spoon Chamber,346,94115
37.7824046019341,-122.43944585323337,9:20 Special,347,94115
37.7824046019341,-122.43944585323337,Cheese Steak Shop,354,94115
37.31515792998312,-121.89783275127412,Taqueria Tlaquepaque 2,466,95125
37.31515792998312,-121.89783275127412,Thai Spice,507,95125
37.31515792998312,-121.89783275127412,T-Square Coffee & Tea,512,95125
37.31673647849343,-121.91000461578368,Mosaic Gym,202,95126
37.31673647849343,-121.91000461578368,Cefcu,224,95126
37.31673647849343,-121.91000461578368,Ranch Town Recycling Center,303,95126
37.32345133870681,-121.90597593784332,El Pirata,17,95126
37.32345133870681,-121.90597593784332,KB Monte Vista,163,95126
37.32345133870681,-121.90597593784332,Metro Balderas Truck,259,95126
37.356834352780886,-121.89593575894833,Pavona Gym,404,95112
37.356834352780886,-121.89593575894833,Your Convenience,405,95112
37.356834352780886,-121.89593575894833,Taylor Street Night Market,413,95112
37.36522655191025,-121.9168147444725,Ladda Thai Cuisine,73,95110
37.36522655191025,-121.9168147444725,Ike's Love & Sandwiches,93,95110
37.36522655191025,-121.9168147444725,Vito's Ny Trattoria,97,95110
37.83954308266563,-122.2987177222967,Chevy's Fresh Mex Restaurants,97,94608
37.83954308266563,-122.2987177222967,The Garden Grille & Bar,141,94608
37.83954308266563,-122.2987177222967,Hilton Happy Hour,147,94608
37.7873267660624,-122.41327822208405,Jones,35,94102
37.7873267660624,-122.41327822208405,Lapisara Eatery,43,94109
37.7873267660624,-122.41327822208405,Pearl's Deluxe Burgers,46,94109
37.75179164525661,-122.40521550178528,Potrero Del Sol Park,103,94110
37.75179164525661,-122.40521550178528,Junior,131,94110
37.75179164525661,-122.40521550178528,Eristavi Winery,131,94110
37.8040367840236,-122.26240932941435,Good News Cafe,32,94612
37.8040367840236,-122.26240932941435,The Lake Chalet Seafood Bar & Grill,212,94612
37.8040367840236,-122.26240932941435,Alician,315,94612
37.364060462258806,-121.9117319583893,Comfort Suites San Jose Airport,124,95112
37.364060462258806,-121.9117319583893,Skyport bar & grill,272,95110
37.364060462258806,-121.9117319583893,Indian Street Cafe,275,95110
37.7700298,-122.4117258,SOMA StrEat Food Park,42,94103
37.7700298,-122.4117258,Costco,126,94103
37.7700298,-122.4117258,SF Eagle,138,94103
37.36186680025918,-121.90931528806688,Cathys Restaurant,113,95112
37.36186680025918,-121.90931528806688,Doghouse Sports Lounge,133,95112
37.36186680025918,-121.90931528806688,Jade Cathay,149,95112
37.36767805240811,-121.9187942147255,Bagel Street Cafe,203,95110
37.36767805240811,-121.9187942147255,Starbucks,222,95110
37.36767805240811,-121.9187942147255,TGI’s SUSHI TOO,238,95110
37.36085415525383,-121.90683424472807,Wyndham Garden San Jose Airport,112,95112
37.36085415525383,-121.90683424472807,Golden Heritage Living,131,95112
37.36085415525383,-121.90683424472807,Doghouse Sports Lounge,144,95112
37.796470691622936,-122.4168576300144,Cafe Meuse,172,94109
37.796470691622936,-122.4168576300144,Seven Hills,178,94109
37.796470691622936,-122.4168576300144,Cocotte,219,94109
37.870139,-122.268422,Dojo Dog,16,94720
37.870139,-122.268422,Downtown Berkeley BART Station,26,94704
37.870139,-122.268422,Almare Gelato Italiano,43,94704
37.87367621459825,-122.26848721504211,Berkeley Espresso,24,94704
37.87367621459825,-122.26848721504211,Triple Rock Brewery & Ale House,31,94704
37.87367621459825,-122.26848721504211,Marugame Udon,39,94704
37.8677892,-122.2658964,U CHA,17,94704
37.8677892,-122.2658964,Great China,26,94704
37.8677892,-122.2658964,Hui Lau Shan,58,94704
37.8690599,-122.270556,Berkeley YMCA,19,94704
37.8690599,-122.270556,K's Coffee House,117,94704
37.8690599,-122.270556,Berkeley Farmers' Market,129,94704
37.8524766,-122.2702132,Ashby BART Station,37,94703
37.8524766,-122.2702132,Ada's Cafe,53,94703
37.8524766,-122.2702132,Berkeley Flea Market,131,94703
37.8660431,-122.2588044,Raleigh's,16,94704
37.8660431,-122.2588044,Muracci's Berkeley,42,94704
37.8660431,-122.2588044,Little Gem Belgian Waffles,54,94704
37.8693603,-122.2543374,Heavenly - Vietnamese Fusion Food,8,94704
37.8693603,-122.2543374,Caffe Strada,45,94704
37.8693603,-122.2543374,Sigma Alpha Epsilon,70,94704
37.8193814,-122.2619284,Starbucks,55,94611
37.8193814,-122.2619284,Chipotle Mexican Grill,61,94611
37.8193814,-122.2619284,Grocery Outlet,202,94611
37.8262863,-122.2651002,Seoul Gom Tang,56,94609
37.8262863,-122.2651002,Carl's Jr.,67,94609
37.8262863,-122.2651002,Tin & Pig,134,94609
37.8403643,-122.2644881,Johnny's Cafe & Donuts,25,94609
37.8403643,-122.2644881,Uptown Market & Liquor,173,94609
37.8403643,-122.2644881,Mariposa Baking Gluten Free,185,94609
37.8417999,-122.2515349,Enoteca Molinari,10,94618
37.8417999,-122.2515349,Rockridge Cafe,53,94618
37.8417999,-122.2515349,Atomic Garden,53,94618
37.84427875399067,-122.251900434494,Cactus Taqueria,22,94618
37.84427875399067,-122.251900434494,Pasta Shop,36,94618
37.84427875399067,-122.251900434494,Hapuku Fish Shop,40,94618
37.8444927,-122.261351,William's Market & Liquor,54,94609
37.8444927,-122.261351,Lectric Washouse,90,94609
37.8444927,-122.261351,O B Town,326,94609
37.8087021,-122.2699271,Uptown Night Club,34,94612
37.8087021,-122.2699271,Xolo,35,94612
37.8087021,-122.2699271,Little Giant Ice Cream,41,94612
37.8113768,-122.2651925,The Athletic Club Oakland,42,94612
37.8113768,-122.2651925,Baygreens Salads & More,52,94612
37.8113768,-122.2651925,Alamar Kitchen & Bar,70,94612
37.8013189,-122.2626418,The Lake Chalet Seafood Bar & Grill,134,94612
37.8013189,-122.2626418,Mad Oak,236,94607
37.8013189,-122.2626418,Oakland Museum of California,299,94607
37.8426295,-122.267738,It's All Good Bakery,246,94609
37.8426295,-122.267738,Uptown Market & Liquor,260,94609
37.8426295,-122.267738,The Rendezvous,298,94608
37.8396488,-122.2717561,The Rendezvous,185,94608
37.8396488,-122.2717561,Earthly Coffee,198,94609
37.8396488,-122.2717561,Tease Southern Kitchen,209,94609
37.79728,-122.398436,Kokkari Estiatorio,115,94111
37.79728,-122.398436,The Gateway Theatre,137,94111
37.79728,-122.398436,Bar Sprezzatura,207,94111
37.792251,-122.397086,Pabu,118,94111
37.792251,-122.397086,Barcha,142,94105
37.792251,-122.397086,SusieCakes,181,94105
37.788975,-122.403452,Mechanics' Institute,39,94104
37.788975,-122.403452,Galleria Park Hotel Lobby,80,94104
37.788975,-122.403452,Blue Bottle Coffee,87,94104
37.85022187449679,-122.26017236709596,Barcote Ethiopian Restaurant,66,94609
37.85022187449679,-122.26017236709596,Jack In The Box,126,94609
37.85022187449679,-122.26017236709596,White Horse Inn,186,94609
37.33203868095132,-121.8817663192749,7-Eleven,161,95112
37.33203868095132,-121.8817663192749,China Chen,197,95112
37.33203868095132,-121.8817663192749,Iguanas Burritozilla,237,95112
37.788299978150825,-122.40853071212769,The Inn at Union Square,39,94102
37.788299978150825,-122.40853071212769,San Francisco Elks Lodge #3,71,94102
37.788299978150825,-122.40853071212769,Clock Bar,72,94102
37.8007544,-122.2748943,Fort Green,21,94607
37.8007544,-122.2748943,Caffe 817,43,94607
37.8007544,-122.2748943,Ratto's International Market,54,94607
37.8401858,-122.2618225,Casper's Hot Dogs Oakland,26,94609
37.8401858,-122.2618225,The Well Oakland,44,94609
37.8401858,-122.2618225,Wine Mine,65,94609
37.8357883,-122.2516207,Wendy's,29,94618
37.8357883,-122.2516207,Boston Market,65,94611
37.8357883,-122.2516207,Bangkok Garden,80,94618
37.8381269,-122.2512714,Judoku Sushi Rockridge,11,94618
37.8381269,-122.2512714,Marica Oakland,17,94618
37.8381269,-122.2512714,High Peaks Kitchen,21,94618
37.33279952386071,-121.88385039567946,Yogurtland,49,95112
37.33279952386071,-121.88385039567946,La Victoria Taqueria,52,95112
37.33279952386071,-121.88385039567946,Pizza My Heart,63,95112
37.7735069,-122.4160402,Ted’s Market,72,94103
37.7735069,-122.4160402,Blue Bottle Coffee,170,94103
37.7735069,-122.4160402,Fifteen Fifty Sports Bar,195,94103
37.7737932060887,-122.42123901844025,Security Public Storage,21,94102
37.7737932060887,-122.42123901844025,Zuni Cafe,33,94102
37.7737932060887,-122.42123901844025,Hotel Biron,83,94102
37.7717933,-122.4337079,Palmyra,11,94117
37.7717933,-122.4337079,Otra,24,94117
37.7717933,-122.4337079,Diane's Nails & Waxing,33,94117
37.7730627,-122.4390777,Falletti Foods,20,94117
37.7730627,-122.4390777,Rt Rotisserie - L,24,94117
37.7730627,-122.4390777,Nopalito,54,94117
37.799953,-122.398525,The Exploratorium,101,94111
37.799953,-122.398525,Exploratorium Store,113,94111
37.799953,-122.398525,Coqueta,228,94111
37.7614205,-122.4264353,Bi-Rite Creamery Truck,60,94110
37.7614205,-122.4264353,Bi-Rite Market,152,94110
37.7614205,-122.4264353,Mission Dolores Park,169,94114
37.7592103,-122.4213392,City Beer Store,16,94110
37.7592103,-122.4213392,The Beehive,23,94110
37.7592103,-122.4213392,The Phoenix Irish Bar & Restaurant,72,94110
37.7605936,-122.4148171,The Homestead,18,94110
37.7605936,-122.4148171,Chuy's Fiestas,87,94110
37.7605936,-122.4148171,Southern Pacific Brewing,91,94110
37.7616343,-122.3906477,Butter,98,94107
37.7616343,-122.3906477,Cresco Equipment Rentals,99,94124
37.7616343,-122.3906477,Sea Star,219,94107
37.7567083,-122.421025,Udupi Palace,8,94110
37.7567083,-122.421025,Sidewalk Juice,34,94110
37.7567083,-122.421025,Ritual Coffee Roasters,35,94110
37.321181834267314,-121.9030898809433,Palermo Italian Restaurant,143,95126
37.321181834267314,-121.9030898809433,KB Monte Vista,197,95126
37.321181834267314,-121.9030898809433,La Costeñita,326,95126
37.32601084794081,-121.91232740879056,VIP Launderland,94,95126
37.32601084794081,-121.91232740879056,Launderlux,100,95126
37.32601084794081,-121.91232740879056,Crema Coffee Roasting Company,116,95126
37.774017937683546,-122.4238085746765,Nick's Super Market,47,94102
37.774017937683546,-122.4238085746765,San Francisco Wine & Cheese,119,94102
37.774017937683546,-122.4238085746765,Raxakoul wine and cheese,120,94102
37.7328128005294,-122.43414044380188,Glen Park BART Station,45,94131
37.7328128005294,-122.43414044380188,One Waan Thai,46,94131
37.7328128005294,-122.43414044380188,Cup Coffee Bar,66,94131
37.34398467798214,-121.87438488006592,Linda's Bakery,119,95116
37.34398467798214,-121.87438488006592,Wienerschnitzel,213,95116
37.34398467798214,-121.87438488006592,Neveria Snacks,335,95116
37.330698,-121.888979,San Jose Marriott,70,95113
37.330698,-121.888979,Il Fornaio,101,95113
37.330698,-121.888979,A Little Bit Of Everything,158,95113
37.331415,-121.8932,San Jose Center for the Performing Arts,179,95113
37.331415,-121.8932,Caravan Lounge,185,95113
37.331415,-121.8932,Taurinus Brazilian Steakhouse,210,95113
37.329732,-121.901782,McCarthy's Newsstand,77,95110
37.329732,-121.901782,Britainnia Arms,96,95110
37.329732,-121.901782,Poor House Bistro,119,95110
37.333798,-121.886943,Whispers Cafe and Creperie,10,95113
37.333798,-121.886943,Subway,63,95113
37.333798,-121.886943,My Milkshake,66,95113
37.335885,-121.88566,"Dr Martin Luther King, Jr Library",74,95112
37.335885,-121.88566,7-Eleven,113,95113
37.335885,-121.88566,Banh Mi Oven,123,95112
37.333955,-121.877349,The Village Market,105,95112
37.333955,-121.877349,Super Taqueria,178,95112
37.333955,-121.877349,Sammy G's Pizzeria,190,95112
37.834174,-122.272968,Joodooboo,200,94608
37.834174,-122.272968,Pizza Amigos,394,94608
37.834174,-122.272968,Tacos Chavez,429,94608
37.333988,-121.894902,AC Lounge at AC Hotel San Jose Downtown,110,95113
37.333988,-121.894902,Dac Phuc Restaurant,116,95113
37.333988,-121.894902,AC Hotels by Marriott,142,95113
37.7719996,-122.3899698,Bay Wheels Dock - China Basin St at 3rd St,23,94158
37.7719996,-122.3899698,Starbucks,103,94158
37.7719996,-122.3899698,Watering Hole,128,94158
37.78045005996349,-122.43194639682768,Merchant Roots,194,94115
37.78045005996349,-122.43194639682768,Fillmore Karaoke Corporation,248,94115
37.78045005996349,-122.43194639682768,Steiner Compound Penthouse,286,94117
37.78749210438603,-122.3982846736908,Sweetgreen,39,94105
37.78749210438603,-122.3982846736908,Pie Punks,56,94105
37.78749210438603,-122.3982846736908,Blue Bottle Coffee,59,94105
37.779046658472055,-122.44729131460188,Blood Centers of The Pacific,30,94118
37.779046658472055,-122.44729131460188,Subway,345,94118
37.779046658472055,-122.44729131460188,Barrel Head Brewhouse,365,94117
37.75823842417928,-122.4260938167572,Helen Diller Playground,93,94110
37.75823842417928,-122.4260938167572,Mission Dolores Park,214,94114
37.75823842417928,-122.4260938167572,Dolores Outpost,287,94110
37.8505777,-122.2781754,House Of Curries,39,94702
37.8505777,-122.2781754,Creekwood,40,94702
37.8505777,-122.2781754,Action House,313,94702
37.73981271734901,-122.42552250623704,Cuisine of Nepal,257,94110
37.73981271734901,-122.42552250623704,La Ciccia,259,94131
37.73981271734901,-122.42552250623704,Tilak,275,94110
37.35288682729121,-121.88604980707169,Rollo's Donut & Coffee Shop,14,95112
37.35288682729121,-121.88604980707169,Chiaramonte's Deli & Sausages,63,95112
37.35288682729121,-121.88604980707169,Back A Yard Caribbean,120,95112
37.35306166133104,-121.89193725585936,Sinceretea,34,95112
37.35306166133104,-121.89193725585936,Ultimate Tanning Salon,46,95112
37.35306166133104,-121.89193725585936,Taylor Street Market,61,95112
37.77452040113685,-122.4094493687153,Driftwood,86,94103
37.77452040113685,-122.4094493687153,Basil Thai Restaurant & Bar,97,94103
37.77452040113685,-122.4094493687153,Cat Club,97,94103
37.7765126,-122.4113061,Club Rausch,132,94103
37.7765126,-122.4113061,DECANTsf,177,94103
37.7765126,-122.4113061,Cat Club,180,94103
37.8723555,-122.2664467,Simply Bowl,60,94704
37.8723555,-122.2664467,Lucky House,79,94704
37.8723555,-122.2664467,Ippudo,101,94704
37.866249,-122.2993708,Takara Sake USA,33,94710
37.866249,-122.2993708,Steamworks,45,94710
37.866249,-122.2993708,Lacquerbar,48,94710
37.8658466,-122.2674431,Wikiwiki Hawaiian BBQ,33,94704
37.8658466,-122.2674431,La Note,42,94704
37.8658466,-122.2674431,Endless Summer Sweets,49,94704
37.86641794050319,-122.25379943847656,The Berkshire,17,94704
37.86641794050319,-122.25379943847656,Henry's Bar & Restaurant,277,94704
37.86641794050319,-122.25379943847656,Graduate Berkeley,277,94704
37.87055532905745,-122.27972030639648,North Beach Pizza,23,94703
37.87055532905745,-122.27972030639648,Spun Sugar,38,94703
37.87055532905745,-122.27972030639648,Himalayan Flavors,70,94703
37.870407115465376,-122.29967594146729,Cafe M,21,94710
37.870407115465376,-122.29967594146729,Dumpling Time,70,94710
37.870407115465376,-122.29967594146729,Oceanview To-Go Deli & Bakery,80,94710
37.88022244590679,-122.26959228515624,Vegi Food,27,94709
37.88022244590679,-122.26959228515624,Cafenated Coffee Company,28,94709
37.88022244590679,-122.26959228515624,Grassy Knoll Near Cheese Board,36,94709
37.87657254910685,-122.26952791213988,Cha Ya Vegetarian Japanese Restaurant,44,94709
37.87657254910685,-122.26952791213988,Taste of the Himalayas,45,94709
37.87657254910685,-122.26952791213988,Thai Delight Cuisine,51,94709
37.849594967776646,-122.26556897163393,M & S Kitchen,22,94609
37.849594967776646,-122.26556897163393,Subway,43,94609
37.849594967776646,-122.26556897163393,Nomad Cafe,79,94609
37.8465156,-122.2653043,Shewat,30,94609
37.8465156,-122.2653043,Nick's Pizza,199,94609
37.8465156,-122.2653043,Subway,318,94609
37.81498823042416,-122.2748440504074,Stay Gold Deli,314,94612
37.81498823042416,-122.2748440504074,ARCO,329,94607
37.81498823042416,-122.2748440504074,Chile Bravo Grill,384,94607
37.8513755,-122.2525233,Cask on College,8,94705
37.8513755,-122.2525233,About Face & Body,17,94705
37.8513755,-122.2525233,Boichik Bagels,20,94705
37.8005161,-122.2720799,UC Dessert,20,94607
37.8005161,-122.2720799,Ying Kee Noodle House,38,94607
37.8005161,-122.2720799,Golden Tea Shop,39,94607
37.7973195,-122.2653199,Lake Merritt BART Station,10,94607
37.7973195,-122.2653199,Lane-e Kefa Coffee,59,94607
37.7973195,-122.2653199,Off the Grid: Lake Merritt at OMCA,140,94607
37.79857210846256,-122.40086898207666,The Battery,81,94111
37.79857210846256,-122.40086898207666,Old Ship Saloon,88,94111
37.79857210846256,-122.40086898207666,Kokkari Estiatorio,215,94111
37.34113203547954,-121.8928438425064,Devine Cheese And Wine,94,95110
37.34113203547954,-121.8928438425064,Trials Pub,138,95113
37.34113203547954,-121.8928438425064,Teske's Germania,156,95113
37.755367132158526,-122.38879501819608,Besharam,151,94107
37.755367132158526,-122.38879501819608,Dogpatch Boulders,157,94107
37.755367132158526,-122.38879501819608,Philz Coffee,165,94107
37.72694296622841,-122.40659952163696,Sunshine Wheat Field Dim Sum,249,94134
37.72694296622841,-122.40659952163696,Chef Li's Cafe,250,94134
37.72694296622841,-122.40659952163696,Bus Stop Liquors & Deli,251,94134
37.86906047545393,-122.29339957237242,Premier Cru Wine Shop,24,94710
37.86906047545393,-122.29339957237242,Kabana Restaurant,35,94702
37.86906047545393,-122.29339957237242,Halal Food Market,79,94702
37.771431362921085,-122.40578681230544,Pizza Squared,61,94103
37.771431362921085,-122.40578681230544,El Pipila,73,94103
37.771431362921085,-122.40578681230544,Ca$h Bar,73,94103
37.72927865173028,-122.39289611577988,El Azteca Taqueria,16,94124
37.72927865173028,-122.39289611577988,Gratta Wines,63,94124
37.72927865173028,-122.39289611577988,The Jazz Room,68,94124
37.8178269,-122.2756976,Stay Gold Deli,19,94612
37.8178269,-122.2756976,Twins Halal House & Bakery,146,94607
37.8178269,-122.2756976,M & O Market,193,94607
37.8277573,-122.2567156,Clove and hoof,9,94611
37.8277573,-122.2567156,Aman Cafe,14,94611
37.8277573,-122.2567156,Teni East Kitchen,17,94611
37.3509643,-121.9020161,Crab Monkey,137,95112
37.3509643,-121.9020161,Jackie's Place,147,95112
37.3509643,-121.9020161,Sourdough Eatery,149,95112
37.3383952,-121.8807965,Kali Noodles and Tea Bar,209,95113
37.3383952,-121.8807965,Tofoo Com Chay,219,95113
37.3383952,-121.8807965,7-Eleven,244,95112
37.3371223728942,-121.88321471214294,Peanuts Deluxe Cafe,26,95112
37.3371223728942,-121.88321471214294,Sa by Thai Cuisine,38,95113
37.3371223728942,-121.88321471214294,Banh Mi Oven,137,95112
37.78352083526095,-122.43115782737732,L2,113,94115
37.78352083526095,-122.43115782737732,Wise Sons Bagel & Bakery,118,94115
37.78352083526095,-122.43115782737732,I'a Poke,138,94115
37.78487208436062,-122.40087568759915,B Restaurant & Bar,73,94103
37.78487208436062,-122.40087568759915,San Francisco Museum of Modern Art,113,94103
37.78487208436062,-122.40087568759915,Yerba Buena Gardens,147,94103
37.32673,-121.8892731,House of Pizza,96,95110
37.32673,-121.8892731,Affinity Restaurant & Bar,294,95110
37.32673,-121.8892731,Grace Deli & Cafe,305,95110
37.86996670760404,-122.28653311729433,Nine Thai Eatery,77,94702
37.86996670760404,-122.28653311729433,Pyeong Chang Tofu,98,94702
37.86996670760404,-122.28653311729433,La Mission,119,94702
37.8624644,-122.2647911,Funky Door Yoga Berkeley,166,94704
37.8624644,-122.2647911,Musashi,236,94704
37.8624644,-122.2647911,Way Station Brew,242,94704
37.8588682,-122.2912095,The Beat,50,94710
37.8588682,-122.2912095,Tarocco,67,94710
37.8588682,-122.2912095,West Berkeley Cafe,79,94710
37.8623199,-122.258801,Mount Everest Restaurant,113,94704
37.8623199,-122.258801,Kiraku,149,94704
37.8623199,-122.258801,Uji Time Dessert,178,94704
37.776619,-122.417385,The Beer Hall,52,94102
37.776619,-122.417385,Siam Orchid Traditional Thai Massage,74,94102
37.776619,-122.417385,Fitness SF,99,94103
37.7770527,-122.4295585,Church of 8 Wheels,282,94117
37.7770527,-122.4295585,Petit Crenn,283,94102
37.7770527,-122.4295585,Suppenküche,290,94102
37.77754677017323,-122.43327409029006,Alamo Square Hideout,83,94117
37.77754677017323,-122.43327409029006,Steiner Compound Penthouse,94,94117
37.77754677017323,-122.43327409029006,Painted Ladies,158,94117
37.77610091264586,-122.4530929327011,Koret Health and Recreation Center,169,94117
37.77610091264586,-122.4530929327011,Cindy's Market,356,94117
37.77610091264586,-122.4530929327011,Sacred Grounds Coffee House,365,94117
37.780526,-122.390288,The Brixton on 2nd,16,94107
37.780526,-122.390288,Birdbox,82,94107
37.780526,-122.390288,Momo's,83,94107
37.775946,-122.4377775,Bar Crudo,34,94117
37.775946,-122.4377775,4505 Burgers & BBQ,37,94117
37.775946,-122.4377775,Beretta Pop-Up,38,94117
37.7774157,-122.4418376,Workshop,24,94115
37.7774157,-122.4418376,Matching Half Cafe,41,94115
37.7774157,-122.4418376,Bob's Donuts,97,94117
37.7644783,-122.4025701,Whole Foods,18,94107
37.7644783,-122.4025701,Live Sushi Bar,100,94103
37.7644783,-122.4025701,Philz Coffee,117,94103
37.7610471,-122.4326417,Last Call Bar,4,94114
37.7610471,-122.4326417,QualiTea,66,94114
37.7610471,-122.4326417,Moby Dick,113,94114
37.3600013909666,-121.87877833843233,Watson Park,421,95112
37.3600013909666,-121.87877833843233,Johnstone Supply San Jose,936,95112
37.3600013909666,-121.87877833843233,Checo's Restaurant,943,95112
37.32031582108647,-121.87009871006012,Spartan Stadium,176,95112
37.32031582108647,-121.87009871006012,Bui Phong Bakery,343,95112
37.32031582108647,-121.87009871006012,Javi's Keyes Club,344,95112
37.33677476275722,-121.90914899110793,Cbd Indoor Mini Storage,273,95110
37.33677476275722,-121.90914899110793,Caltrain CEMOF,311,95110
37.33677476275722,-121.90914899110793,Coterie Cellars,339,95126
37.31128394611736,-121.89632534980774,The Cider Junction,79,95125
37.31128394611736,-121.89632534980774,Thai Spice,96,95125
37.31128394611736,-121.89632534980774,T-Square Coffee & Tea,111,95125
37.799207926286,-122.43412166833876,Silver Cloud,105,94123
37.799207926286,-122.43412166833876,Alegrias Food From Spain,108,94123
37.799207926286,-122.43412166833876,For The Record,122,94123
37.32096853145443,-121.9082960486412,Chromatic Coffee,37,95126
37.32096853145443,-121.9082960486412,Golden West Collision Center,96,95126
37.32096853145443,-121.9082960486412,Hapa's Brewing Company,115,95126
37.3233446905968,-121.91349685192108,McDonald's,21,95126
37.3233446905968,-121.91349685192108,Starbucks,46,95126
37.3233446905968,-121.91349685192108,Wow Wow Lemonade San Jose,53,95126
37.336802,-121.8940901,Voyager Craft Coffee,18,95110
37.336802,-121.8940901,Three Sisters,29,95110
37.336802,-121.8940901,Crewner's Barber Shop,29,95110
37.337391,-121.886995,Seven Seas Sushi,76,95113
37.337391,-121.886995,Liquid Restaurant & Lounge,108,95113
37.337391,-121.886995,SmokeEaters,142,95113
37.3172979,-121.884995,Mariscos San Juan,73,95110
37.3172979,-121.884995,Metro Balderas 3,114,95110
37.3172979,-121.884995,La Original Paleteria Y Neveria,161,95110
37.3184498,-121.8831724,El Camaron De Sinaloa,14,95110
37.3184498,-121.8831724,El Rico Pan Bakery,41,95110
37.3184498,-121.8831724,La Original Paleteria Y Neveria,47,95110
37.352601,-121.905733,Togo's,243,95112
37.352601,-121.905733,Sourdough Eatery,296,95112
37.352601,-121.905733,Crab Monkey,330,95112
37.3487586867448,-121.89479783177376,Gombei Japanese Restaurant,10,95112
37.3487586867448,-121.89479783177376,JT Express,17,95112
37.3487586867448,-121.89479783177376,Shabu Shack,18,95112
37.342725,-121.895617,Trials Pub,364,95113
37.342725,-121.895617,Devine Cheese And Wine,372,95110
37.342725,-121.895617,Teske's Germania,382,95113
37.339301,-121.889937,Freshly Baked Eatery,15,95112
37.339301,-121.889937,Vibez Hookah,76,95112
37.339301,-121.889937,St James Park,151,95112
37.332692,-121.900084,Craft Beer Central,72,95113
37.332692,-121.900084,Mixed Drinks 112,104,95113
37.332692,-121.900084,Comerica Bank ATM,105,95113
37.77993,-122.2177284,Mariscos Estilo Sinaloa,209,94601
37.77993,-122.2177284,Taqueria Durango,211,94601
37.77993,-122.2177284,Pizza Guys,225,94601
37.7837569,-122.2226033,El Mazatlan Taco Truck,59,94601
37.7837569,-122.2226033,Los Olivos Restaurant,79,94601
37.7837569,-122.2226033,Pizza City,110,94601
37.7851915,-122.2343822,Pimpin Chkn,204,94606
37.7851915,-122.2343822,Man vs Fries,257,94601
37.7851915,-122.2343822,Philly Cheesesteak and More,259,94606
37.8113514,-122.2734217,Smoke Easy,131,94612
37.8113514,-122.2734217,Belly,256,94612
37.8113514,-122.2734217,Plenty Oakland,320,94612
37.3550295822529,-121.90443634986876,Zaza Grill,93,95112
37.3550295822529,-121.90443634986876,Danbi Korean Restaurant,116,95112
37.3550295822529,-121.90443634986876,Togo's,154,95112
37.7504343570623,-122.39044725894928,Alsco Uniforms,37,94107
37.7504343570623,-122.39044725894928,Taqueria Angelica's,102,94124
37.7504343570623,-122.39044725894928,Harmonic Brewing,128,94107
37.8312769,-122.2782669,Hometown Heroes East Bay,40,94608
37.8312769,-122.2782669,Hidden Spot Emeryville,47,94608
37.8312769,-122.2782669,The Sunday,55,94608
37.8409452,-122.2913604,Subway,20,94608
37.8409452,-122.2913604,Emeryville Amtrak,65,94608
37.8409452,-122.2913604,Coffee & Snack Shop,65,94608
37.84052116694969,-122.29352831840517,Mama Lamees,55,94608
37.84052116694969,-122.29352831840517,Super Duper Burgers,71,94608
37.84052116694969,-122.29352831840517,Pig In A Pickle - Emer,75,94608
37.8419238,-122.2880451,INNA Jam,123,94608
37.8419238,-122.2880451,Townhouse Bar & Grill,125,94608
37.8419238,-122.2880451,Chunky Butt Ice Cream,146,94608
37.8467842,-122.2913761,Subway,13,94608
37.8467842,-122.2913761,Los Moles,15,94608
37.8467842,-122.2913761,Starbucks,19,94608
37.8384435,-122.2886647,The Broken Rack,89,94608
37.8384435,-122.2886647,Ike's Love & Sandwiches,98,94608
37.8384435,-122.2886647,Tree of Life Yoga,144,94608
37.77523486860597,-122.39743709564208,San Francisco Flower Mart,306,94107
37.77523486860597,-122.39743709564208,Reeves,327,94107
37.77523486860597,-122.39743709564208,Death By Taco,344,94158
37.7807601,-122.3949894,Golden Goat Coffee,64,94107
37.7807601,-122.3949894,Wabi-Sabi SF,92,94107
37.7807601,-122.3949894,Local Tap,101,94107
37.7719511,-122.4537048,Flywheel Coffee,273,94117
37.7719511,-122.4537048,Whole Foods,281,94117
37.7719511,-122.4537048,Milk Bar,292,94117
37.78227952975499,-122.40731298923492,Blue Bottle Coffee,50,94103
37.78227952975499,-122.40731298923492,Barbary Coast,53,94103
37.78227952975499,-122.40731298923492,Bloom Room,104,94103
37.3477119817597,-121.89055323600768,Kiem Service Laundromat,113,95112
37.3477119817597,-121.89055323600768,Okayama Japanese Restaurant,218,95112
37.3477119817597,-121.89055323600768,Hawaiian Shave Ice,294,95112
37.77793367006746,-122.3969730734825,Reeves,25,94107
37.77793367006746,-122.3969730734825,Marlowe,46,94107
37.77793367006746,-122.3969730734825,Taksim,93,94107
37.7963894,-122.3945855,Gott's Soft Serve,60,94111
37.7963894,-122.3945855,Gott's Roadside,72,94111
37.7963894,-122.3945855,Humphry Slocombe,75,94111
37.8332935222321,-122.25622415542604,Burger King,279,94611
37.8332935222321,-122.25622415542604,Purple Pepper Pizza,296,94611
37.8332935222321,-122.25622415542604,Blue Bottle Coffee,299,94611
37.82669558640968,-122.27179706096648,Bay Bridge Inn,129,94609
37.82669558640968,-122.27179706096648,Eli's,195,94609
37.82669558640968,-122.27179706096648,YogaLove West Oakland,234,94608
37.8170154,-122.2717615,Locos Only,178,94612
37.8170154,-122.2717615,Dan Sung Sa,339,94612
37.8170154,-122.2717615,Lula,347,94609
37.72939320661727,-122.38653659820557,Lee's Food Market,12,94124
37.72939320661727,-122.38653659820557,City Lunch Restaurant,411,94124
37.72939320661727,-122.38653659820557,San Francisco Honey & Pollen Company,449,94124
37.740321776391326,-122.3767840862274,Speakeasy Ales & Lagers,414,94124
37.740321776391326,-122.3767840862274,Hunters Point Brewery,417,94124
37.740321776391326,-122.3767840862274,Native Sons BBQ,417,94124
37.78292608704408,-122.38792061805724,Town's End Restaurant & Bakery,74,94107
37.78292608704408,-122.38792061805724,Delancey Street Restaurant,188,94107
37.78292608704408,-122.38792061805724,Rooftop Github,303,94107
37.78146761537824,-122.45880603790285,Star India,57,94118
37.78146761537824,-122.45880603790285,Toyama Japanese Restaurant,70,94118
37.78146761537824,-122.45880603790285,Happy Lounge,88,94118
37.3426625921454,-121.87729239463806,Domino's Pizza,140,95112
37.3426625921454,-121.87729239463806,Vegetarian House,215,95112
37.3426625921454,-121.87729239463806,Idol Karaoke,272,95112
37.73629587217104,-122.3899698257446,Tato,46,94124
37.73629587217104,-122.3899698257446,Krispy Krunchy Chicken,55,94124
37.73629587217104,-122.3899698257446,Las Isletas,88,94124
37.77948760924334,-122.4631418287754,Bella Pizza,189,94118
37.77948760924334,-122.4631418287754,Camp BBQ,190,94118
37.77948760924334,-122.4631418287754,The Abbey Tavern,192,94118
37.73309280990925,-122.39097297191618,JOY Gallery,67,94124
37.73309280990925,-122.39097297191618,Peking Wok Restaurant,84,94124
37.73309280990925,-122.39097297191618,Bayview / Anna E. Waden Branch Library,101,94124
37.7737172,-122.4116467,Azucar Lounge,23,94103
37.7737172,-122.4116467,The Cake Gallery,37,94103
37.7737172,-122.4116467,Powerhouse,71,94103
37.77787007022392,-122.42295295000076,Phonobar,12,94102
37.77787007022392,-122.42295295000076,Ebb & Flow,46,94102
37.77787007022392,-122.42295295000076,DragonEats,54,94102
37.777609310293336,-122.4546217918396,Koret Health and Recreation Center,73,94117
37.777609310293336,-122.4546217918396,Angelo J. Rossi Baseball Field,220,94118
37.777609310293336,-122.4546217918396,Koret Lodge,332,94117
37.3655356585599,-121.86796635389328,Bill’s Cafe,53,95133
37.3655356585599,-121.86796635389328,788 Beer Club and Cafe,158,95133
37.3655356585599,-121.86796635389328,Frank-Lin Distillers Products,244,95133
37.32412595115088,-121.89971968531609,Subway,48,95113
37.32412595115088,-121.89971968531609,La Costeñita,118,95126
37.32412595115088,-121.89971968531609,Car Spa,145,95126
37.30901407427592,-121.9000107049942,Sweet Mango,34,95125
37.30901407427592,-121.9000107049942,Baskin-Robbins,41,95125
37.30901407427592,-121.9000107049942,Jack In The Box,50,95125
37.80936861213485,-122.26795077323914,The Port Bar,21,94612
37.80936861213485,-122.26795077323914,Tierra Mia Coffee,33,94612
37.80936861213485,-122.26795077323914,The Town Bar & Lounge,51,94612
37.33802231313689,-121.91947817802428,Beyond The Spa,192,95126
37.33802231313689,-121.91947817802428,Odd Fellows Hall,196,95126
37.33802231313689,-121.91947817802428,Mangos Mexican Grill,336,95126
37.338468014146,-121.86652064323424,William Street Park,164,95112
37.338468014146,-121.86652064323424,DTSJ Brewing,365,95116
37.338468014146,-121.86652064323424,Acopio,480,95116
37.796248,-122.279352,Jack London Square Farmers Market,51,94607
37.796248,-122.279352,BevMo!,53,94607
37.796248,-122.279352,Yoshis Jazz Club and Japanese Restaurant,89,94607
37.333677122859896,-121.90861791372298,Coterie Cellars,95,95126
37.333677122859896,-121.90861791372298,Crest Optometry,121,95126
37.333677122859896,-121.90861791372298,Avalon Morrison Park,184,95126
37.788568914161615,-122.43540108203888,Mollie Stone's,69,94115
37.788568914161615,-122.43540108203888,Pizzeria Delfina,103,94115
37.788568914161615,-122.43540108203888,Sift Cupcake & Dessert Bar,121,94115
37.77122901793374,-122.40088641643524,Mission Creek Dog Park,128,94158
37.77122901793374,-122.40088641643524,I'a Poke,167,94107
37.77122901793374,-122.40088641643524,Okane,208,94103
37.78071988575564,-122.47610360383987,Ichiraku Ramen,38,94121
37.78071988575564,-122.47610360383987,Domino's Pizza,39,94118
37.78071988575564,-122.47610360383987,Buffalo Burger Restaurant,43,94121
37.781130551698666,-122.44737446308136,Starbucks,107,94118
37.781130551698666,-122.44737446308136,The House of Hummus,124,94118
37.781130551698666,-122.44737446308136,Chipotle Mexican Grill,126,94118
37.778486986397496,-122.45864510536192,Angelo J. Rossi Park,33,94118
37.778486986397496,-122.45864510536192,Rossi Pool,69,94118
37.778486986397496,-122.45864510536192,Angelo J. Rossi Baseball Field,169,94118
37.800496036682574,-122.41088703274724,Noren Izakaya,20,94133
37.800496036682574,-122.41088703274724,Pena Pachamama,80,94133
37.800496036682574,-122.41088703274724,Victoria Pastry,83,94133
37.781840715520495,-122.46763586997984,Richmond Branch Library,47,94118
37.781840715520495,-122.46763586997984,Cable Car Wine And Spirits,96,94118
37.781840715520495,-122.46763586997984,Lost Marbles Brewpub,106,94118
37.33867060463943,-121.89564406871794,Teske's Germania,235,95113
37.33867060463943,-121.89564406871794,Voyager Craft Coffee,244,95110
37.33867060463943,-121.89564406871794,Trials Pub,245,95113
37.8584732,-122.2532529,Baker & Commons,8,94705
37.8584732,-122.2532529,Nabolom Bakery,32,94705
37.8584732,-122.2532529,Italian Homemade,35,94705
37.37111641335901,-121.88133180141448,Starbucks,83,95133
37.37111641335901,-121.88133180141448,SomiSomi,193,95133
37.37111641335901,-121.88133180141448,Arajuo’s Mexican Grill,215,95133
37.79080303242391,-122.43259012699126,Palmer's Tavern,135,94123
37.79080303242391,-122.43259012699126,The Snug,148,94115
37.79080303242391,-122.43259012699126,La Mediterranee,151,94115
37.77666378283064,-122.40790843963624,Sluts,43,94103
37.77666378283064,-122.40790843963624,Sightglass Coffee,65,94103
37.77666378283064,-122.40790843963624,Residences 1080 Folsom,70,94103
37.8361823,-122.2871801,TubeMogul,93,94608
37.8361823,-122.2871801,Tree of Life Yoga,204,94608
37.8361823,-122.2871801,Doyle Street Cafe,218,94608
37.34759257443888,-121.89966201782228,IHOP,51,95112
37.34759257443888,-121.89966201782228,Downtown Scholars Child Development Center,79,95112
37.34759257443888,-121.89966201782228,Taqueria Corona,378,95112
37.35090179274617,-121.89584255218504,Happi House Famous Teriyaki,18,95112
37.35090179274617,-121.89584255218504,Kaizen Salon,44,95112
37.35090179274617,-121.89584255218504,Cielito Lindo,50,95112
37.76578298679633,-122.45763659477234,Kezar Pizzetta,29,94117
37.76578298679633,-122.45763659477234,Kezar Stadium,187,94117
37.76578298679633,-122.45763659477234,AcroSports,189,94117
37.326282324105776,-121.9049111008644,Tony P's,287,95126
37.326282324105776,-121.9049111008644,Cahill Park,299,95126
37.326282324105776,-121.9049111008644,El Pirata,310,95126
37.343208488473465,-121.88438951969148,Vegan Donut And Cafe,366,95113
37.343208488473465,-121.88438951969148,Tofoo Com Chay,405,95113
37.343208488473465,-121.88438951969148,Kali Noodles and Tea Bar,419,95113
37.7258897887525,-122.45244383811948,City College: Multi Use Building,100,94112
37.7258897887525,-122.45244383811948,City College of San Francisco - Ocean Campus,146,94112
37.7258897887525,-122.45244383811948,The Lunchbox,238,94112
37.76343361023245,-122.46406316757202,One Shot Tattoo,71,94122
37.76343361023245,-122.46406316757202,Jun's Beauty Salon,74,94122
37.76343361023245,-122.46406316757202,Fireside Bar,77,94122
37.76393402521409,-122.47065067291258,Andronico's Community Markets,58,94122
37.76393402521409,-122.47065067291258,Irving Subs,103,94122
37.76393402521409,-122.47065067291258,Earth Tone Cafe,118,94122
37.75770404149008,-122.39188492298126,Piccino,152,94107
37.75770404149008,-122.39188492298126,Dig Wines,156,94107
37.75770404149008,-122.39188492298126,San Francisco Box Lunch Caterers,183,94107
37.800459411713945,-122.24745869636536,Rooz Cafe,193,94606
37.800459411713945,-122.24745869636536,Woody's Laundromat,269,94606
37.800459411713945,-122.24745869636536,Woody's Cafe,270,94606
37.78243851977672,-122.4653774499893,Mr & Mrs Tea House,54,94118
37.78243851977672,-122.4653774499893,Schubert's Bakery,64,94118
37.78243851977672,-122.4653774499893,Clement BBQ 金陵烧腊店,64,94118
37.78068,-122.450012,Family Billiards,176,94118
37.78068,-122.450012,Pig & Whistle Bar,179,94118
37.78068,-122.450012,Shell,186,94118
37.804648,-122.402087,Bay Club San Francisco,161,94111
37.804648,-122.402087,Pier 23 Cafe,180,94111
37.804648,-122.402087,Hillstone,299,94111
37.8335577,-122.2674183,Lovely Day,147,94609
37.8335577,-122.2674183,The Omni,324,94609
37.8335577,-122.2674183,Izza,339,94609
37.785111,-122.477667,New California Food Market,149,94121
37.785111,-122.477667,Lung Fung Bakery,320,94121
37.785111,-122.477667,Tia Margarita Mexican Restaurant,324,94121
37.781722,-122.492844,Garden House Cafe,15,94121
37.781722,-122.492844,El Mansour Restaurant,17,94121
37.781722,-122.492844,Anh Hong,21,94121
37.79762790889688,-122.423534989357,Helmand Palace10037738090000001,46,94109
37.79762790889688,-122.423534989357,Matterhorn Restaurant & Bakery,79,94109
37.79762790889688,-122.423534989357,Biondivino Wine Boutique,87,94109
37.78657849953654,-122.45342284440996,Starbucks,44,94118
37.78657849953654,-122.45342284440996,Sociale,46,94118
37.78657849953654,-122.45342284440996,Vixi Cucina Italiana,46,94118
37.8539069616438,-122.2896981239319,Berkeley Bowl Cafe,37,94710
37.8539069616438,-122.2896981239319,Cafe W,49,94710
37.8539069616438,-122.2896981239319,Berkeley Bowl,70,94710
37.756808,-122.405943,Newkirk's,119,94110
37.756808,-122.405943,La Paz Restaurant Pupuseria,146,94110
37.756808,-122.405943,Luna's Coffee House,283,94110
37.772954,-122.509071,Safeway,55,94121
37.772954,-122.509071,Peter Pan Hair Design,122,94121
37.772954,-122.509071,Andytown Coffee — Richmond District,144,94121
37.7632417,-122.4306746,Eiji,94,94114
37.7632417,-122.4306746,Kitchen Story,110,94114
37.7632417,-122.4306746,Gai Chicken Rice,137,94114
37.3302641,-121.8977018,Poor House Bistro,250,95110
37.3302641,-121.8977018,AC Hotels by Marriott,353,95113
37.3302641,-121.8977018,El Grullense,369,95110
37.8388,-122.258732,Hog Island Oyster Company,124,94618
37.8388,-122.258732,Pizza Politana,124,94618
37.8388,-122.258732,Vice Chocolates,125,94618
37.86012459911685,-122.2693844139576,Crixa Cakes,205,94703
37.86012459911685,-122.2693844139576,Earthbar,223,94704
37.86012459911685,-122.2693844139576,Kirala,232,94705
37.8045623549303,-122.27173805236816,Downtown Wine Merchants,48,94612
37.8045623549303,-122.27173805236816,Core Kitchen,97,94612
37.8045623549303,-122.27173805236816,Bagel Street Cafe,109,94612
37.79801364395978,-122.40595042705534,Osmanthus Dim Sum Loun,31,94133
37.79801364395978,-122.40595042705534,The Devil's Acre,51,94133
37.79801364395978,-122.40595042705534,Specs' Twelve Adler Museum Cafe,51,94133
37.72828159245282,-122.4506950378418,The Lunchbox,300,94112
37.72828159245282,-122.4506950378418,City College of San Francisco - Ocean Campus,351,94112
37.72828159245282,-122.4506950378418,Railroad Expresso,356,94127
37.7976728,-122.2629973,Off the Grid: Lake Merritt at OMCA,101,94607
37.7976728,-122.2629973,Laney College,104,94607
37.7976728,-122.2629973,Oakland Museum of California,129,94607
37.8107432,-122.2914153,Horn BBQ,296,94607
37.8107432,-122.2914153,Kowbird,352,94607
37.8107432,-122.2914153,Kilovolt Coffee,403,94607
37.795913,-122.255547,Pho Vy Vietnamese Cuis,80,94606
37.795913,-122.255547,Mickey's Auto Detail,127,94606
37.795913,-122.255547,Sun Hop Fat 1 Supermarket,142,94606
37.816073115011406,-122.26788640022278,Blind Tiger,30,94612
37.816073115011406,-122.26788640022278,Gogi Time,48,94612
37.816073115011406,-122.26788640022278,Koffee Pott,111,94612
37.795194764385954,-122.27396965026855,Cellarmaker Brewing Company,33,94607
37.795194764385954,-122.27396965026855,Bicycle Coffee,39,94607
37.795194764385954,-122.27396965026855,Ben's,114,94607
37.8123315,-122.2851712,West Oakland Senior Center,41,94607
37.8123315,-122.2851712,After Hours Spot Strip Club,184,94607
37.8123315,-122.2851712,Ghost Town Brewing,225,94607
37.77415256430236,-122.21239820122716,Churros Guerrero Cart,35,94601
37.77415256430236,-122.21239820122716,China Express,59,94601
37.77415256430236,-122.21239820122716,Subway,82,94601
37.781123,-122.2329915,McDonald's,115,94601
37.781123,-122.2329915,El Pollo Loco,118,94601
37.781123,-122.2329915,Taquiera El Grullo,144,94601
37.7927143,-122.2487796,Mimi Beauty Salon,170,94606
37.7927143,-122.2487796,Fung Wong Bakery,191,94606
37.7927143,-122.2487796,Kingkong Rotisserie Chinese Restaurant,202,94606
37.794396,-122.253842,Quickly,21,94606
37.794396,-122.253842,Da Nang Quan,30,94606
37.794396,-122.253842,Lee's Sandwiches,52,94606
37.8160598,-122.2782444,M & O Market,158,94607
37.8160598,-122.2782444,Twins Halal House & Bakery,190,94607
37.8160598,-122.2782444,JJ Fish and Chicken,219,94607
37.79013985185364,-122.24237322807312,Philomena,216,94606
37.79013985185364,-122.24237322807312,Tipunan,232,94606
37.79013985185364,-122.24237322807312,Cambodian Noodle Soup House,254,94606
37.78381270927812,-122.4345588684082,Jane The Bakery,24,94115
37.78381270927812,-122.4345588684082,Imperial Spa,37,94115
37.78381270927812,-122.4345588684082,The Fillmore,134,94115
37.79416044174933,-122.42156758904456,The Bell Tower,20,94109
37.79416044174933,-122.42156758904456,Cafe Réveille,85,94109
37.79416044174933,-122.42156758904456,Cheese Plus,110,94109
37.781981687527214,-122.43576988577844,Jane The Bakery,240,94115
37.781981687527214,-122.43576988577844,Imperial Spa,264,94115
37.781981687527214,-122.43576988577844,Merchant Roots,266,94115
37.764285,-122.4318042,Dinosaurs,26,94114
37.764285,-122.4318042,Starbelly,70,94114
37.764285,-122.4318042,Santería,73,94114
37.7670373,-122.4154425,The Wooden Nickel,18,94103
37.7670373,-122.4154425,Rintaro,192,94103
37.7670373,-122.4154425,Pink Onion,192,94103
37.774814,-122.418954,Blue Bottle Coffee,129,94103
37.774814,-122.418954,Fifteen Fifty Sports Bar,135,94103
37.774814,-122.418954,Mr. Tipple's Recording Studio,153,94102
37.788032,-122.395626,Salesforce Park,163,94105
37.788032,-122.395626,Barebottle Brewing Company,165,94105
37.788032,-122.395626,Cocoon Urban Day Spa,181,94105
37.783973,-122.442878,9:20 Special,223,94115
37.783973,-122.442878,City Church Sutter Street,224,94115
37.783973,-122.442878,Cheese Steak Shop,312,94115
37.780949,-122.456303,Rooster & Rice,8,94118
37.780949,-122.456303,BevMo!,30,94118
37.780949,-122.456303,Cup & Cake Cafe,59,94118
37.77779057034257,-122.40643188357352,Deli Board,61,94103
37.77779057034257,-122.40643188357352,Residences 1080 Folsom,114,94103
37.77779057034257,-122.40643188357352,Sightglass Coffee,203,94103
37.775522,-122.498498,Butter Love Bakeshop,24,94121
37.775522,-122.498498,La Promenade Café,33,94121
37.775522,-122.498498,The Laundromat SF,36,94121
37.8238474,-122.2811926,The RedDoor Catering,276,94608
37.8238474,-122.2811926,Orlando Market,322,94608
37.8238474,-122.2811926,P & M Liquor,349,94608
37.8002135669698,-122.25381016731262,Rise & Grind Coffee,43,94606
37.8002135669698,-122.25381016731262,Pho King,46,94606
37.8002135669698,-122.25381016731262,Tasty Bowl,49,94606
37.78389935708493,-122.4084448814392,Powell St BART Station,66,94103
37.78389935708493,-122.4084448814392,The Turn Cafe,121,94102
37.78389935708493,-122.4084448814392,Bodega,133,94102
37.76328094058097,-122.4073773622513,Verdi Club,48,94110
37.76328094058097,-122.4073773622513,The Morris,89,94110
37.76328094058097,-122.4073773622513,Two Sons Sandwiches,166,94103
37.72238229348268,-122.44380980730055,Pineapples,110,94112
37.72238229348268,-122.44380980730055,The Check-In Wine Lounge,245,94112
37.72238229348268,-122.44380980730055,Nina Claire's Cafe,281,94112
37.73017446887281,-122.43289589881896,La Oficina,196,94112
37.73017446887281,-122.43289589881896,Silver Cafe,209,94112
37.73017446887281,-122.43289589881896,Taco Bell,229,94112
37.73890064447666,-122.38952457904814,All Good Pizza,27,94124
37.73890064447666,-122.38952457904814,Christophers Catering,71,94124
37.73890064447666,-122.38952457904814,Raff Distillerie San Francisco,88,94124
37.766594,-122.398198,Boba Guys,102,94107
37.766594,-122.398198,Wolfe's Espresso Bar,125,94107
37.766594,-122.398198,JB's Place,175,94107
37.7802645,-122.4066435,Tempest,90,94103
37.7802645,-122.4066435,Tin Vietnamese Cuisine,99,94103
37.7802645,-122.4066435,Box Kitchen,105,94103
37.775681,-122.494064,New Dumpling King,39,94121
37.775681,-122.494064,Golden Chariot Bakery & Restaurant,41,94121
37.775681,-122.494064,Dumpling Dynasty,44,94121
37.7819295,-122.4827855,Honey B Tea House,16,94121
37.7819295,-122.4827855,Thanh Thanh Cafe,20,94121
37.7819295,-122.4827855,Four Star Theatre,22,94121
37.8023,-122.4244135,Black Magic Voodoo Lounge,117,94123
37.8023,-122.4244135,Bobo's Lounge,142,94123
37.8023,-122.4244135,Boboquivari's,163,94123
37.765942,-122.449228,Beit Rima,47,94117
37.765942,-122.449228,Cole Valley Tavern,56,94117
37.765942,-122.449228,Mister Bomboloni Pop Up,56,94117
37.7864555,-122.399749,Mourad,54,94105
37.7864555,-122.399749,The Pink Elephant,73,94105
37.7864555,-122.399749,The Bird,94,94105
37.7646845,-122.4199265,16th Street Mission,26,94110
37.7646845,-122.4199265,Stamen Design,34,94110
37.7646845,-122.4199265,Pancho Villa Taqueria,104,94103
37.763333,-122.4220555,Bao,14,94110
37.763333,-122.4220555,Clarion Alley,84,94110
37.763333,-122.4220555,Blondie's Bar,101,94110
37.7370395,-122.3944985,Tato,360,94124
37.7370395,-122.3944985,Las Isletas,375,94124
37.7370395,-122.3944985,Tallio's Coffee & Tea,384,94124
37.784419,-122.439361,Cheese Steak Shop,138,94115
37.784419,-122.439361,City Church Sutter Street,158,94115
37.784419,-122.439361,9:20 Special,171,94115
37.740048,-122.3834355,Meals On Wheels,97,94124
37.740048,-122.3834355,Hunters Point Brewery,274,94124
37.740048,-122.3834355,Native Sons BBQ,274,94124
37.7703135,-122.3912365,KoJa Kitchen SF Spark,53,94158
37.7703135,-122.3912365,Firetrail Pizza,54,94158
37.7703135,-122.3912365,Spro Coffee Lab,59,94158
37.768227,-122.420359,The Armory Club,49,94103
37.768227,-122.420359,Standard Deviant Brewing,75,94103
37.768227,-122.420359,Shizen,111,94103
37.7661,-122.4266585,I'a Poke,191,94114
37.7661,-122.4266585,Thorough Bread and Pastry,212,94114
37.7661,-122.4266585,The Apothecarium,225,94114
37.772219,-122.419976,Taqueria Cazadores,117,94103
37.772219,-122.419976,Zuni Cafe,203,94102
37.772219,-122.419976,Fifteen Fifty Sports Bar,225,94103
37.750945,-122.4120835,Balmy Alley,121,94110
37.750945,-122.4120835,R Image Market,174,94110
37.750945,-122.4120835,Taqueria Vallarta,184,94110
37.7914015,-122.391038,Three Dot Cafe,128,94105
37.7914015,-122.391038,Google Gym - SF Office,147,94105
37.7914015,-122.391038,Epic Roasthouse,164,94105
37.787332,-122.3881105,Hi Dive,56,94105
37.787332,-122.3881105,Rincon Hill Dog Park,208,94105
37.787332,-122.3881105,Gabby Cafe,218,94105
37.8044325,-122.433523,Goodwill,136,94123
37.8044325,-122.433523,Equator Coffees & Teas,174,94123
37.8044325,-122.433523,Fitness Court,233,94123
37.774804,-122.446649,Bistro Gambrinus,98,94117
37.774804,-122.446649,Home Service Market,101,94117
37.774804,-122.446649,Starbucks,103,94117
37.7603435,-122.387449,Tacos El Flaco,38,94107
37.7603435,-122.387449,The Palm Court at RH San Francisco,41,94107
37.7603435,-122.387449,Drool,44,94107
37.769263,-122.407054,Fitness Sf Soma,32,94103
37.769263,-122.407054,Potrero Screening Room Aka,170,94103
37.769263,-122.407054,Trader Joe's,198,94103
37.8026635,-122.4360635,Club 3545,92,94123
37.8026635,-122.4360635,Horseshoe Tavern,222,94123
37.8026635,-122.4360635,The Dorian,222,94123
37.769244,-122.4269645,Whole Foods,56,94114
37.769244,-122.4269645,Pet Food Express,60,94103
37.769244,-122.4269645,The Mint Karaoke Lounge,150,94102
37.769818,-122.4291485,Beit Rima,118,94114
37.769818,-122.4291485,Hector Estrada Salon,149,94117
37.769818,-122.4291485,Churchill,217,94114
37.7895875,-122.440683,Bespoke Cycles,89,94115
37.7895875,-122.440683,Scopo Divino,160,94115
37.7895875,-122.440683,B. on the Go,163,94115
37.7866115,-122.4500525,Super Duper Burgers,17,94118
37.7866115,-122.4500525,Peet's Coffee and Tea,35,94118
37.7866115,-122.4500525,Proposition Chicken,92,94118
37.775328,-122.458104,The Velo Rouge Cafe,23,94118
37.775328,-122.458104,Arguello Super Market,36,94118
37.775328,-122.458104,Koret Health and Recreation Center,349,94117
37.795402,-122.4046885,Flyte Coffee & Wine Bar,33,94108
37.795402,-122.4046885,Hinodeya Downtown,83,94111
37.795402,-122.4046885,Trestle,101,94133
37.7942465,-122.402855,Wingtip Cigar Lounge,7,94111
37.7942465,-122.402855,Wingtip Club,20,94111
37.7942465,-122.402855,Wingtip,24,94111
37.794525,-122.3948805,Philz Coffee,25,94111
37.794525,-122.3948805,Harborview Restaurant And Bar,68,94111
37.794525,-122.3948805,Gott's Roadside,151,94111
37.772354,-122.4358575,The Little Chihuahua,106,94117
37.772354,-122.4358575,The Page,111,94117
37.772354,-122.4358575,Onyx,123,94117
37.759162,-122.4100475,San Ho Won,43,94110
37.759162,-122.4100475,Flour + Water Pasta Shop,77,94110
37.759162,-122.4100475,Trick Dog,100,94110
37.7785885,-122.392553,Kaiyo Rooftop,22,94107
37.7785885,-122.392553,Candlestick Park Sports Bar — The Stick,26,94107
37.7785885,-122.392553,The Bar San Francisco,28,94107
37.7763115,-122.394495,Death By Taco,96,94158
37.7763115,-122.394495,Lounge of Avalon at Mission Bay I,99,94107
37.7763115,-122.394495,Philz Coffee,125,94158
37.730079,-122.3988045,Bayview Gym,86,94124
37.730079,-122.3988045,Three Babes Bakeshop,125,94124
37.730079,-122.3988045,ARCO,365,94124
37.785876,-122.4089225,Johnny Foley's Irish House,32,94102
37.785876,-122.4089225,Bartlett Hall,56,94102
37.785876,-122.4089225,Kin Khao,80,94102
37.764965,-122.3990255,JB's Place,54,94107
37.764965,-122.3990255,Thee Parkside,72,94107
37.764965,-122.3990255,Connecticut Yankee,103,94107
37.764794,-122.3947595,Pawtrero Hill BathHouse & Feed,76,94107
37.764794,-122.3947595,Ecco Caffe,134,94107
37.764794,-122.3947595,Street Taco,232,94107
37.7645435,-122.410349,Double Play,112,94103
37.7645435,-122.410349,Ernest,170,94110
37.7645435,-122.410349,Gus's Community Market,227,94110
37.7648385,-122.420141,16th Street Mission,25,94110
37.7648385,-122.420141,Stamen Design,54,94110
37.7648385,-122.420141,Pancho Villa Taqueria,83,94103
37.780364,-122.4728095,Lou's Cafe,44,94118
37.780364,-122.4728095,Amphawa Thai Noodle House,60,94118
37.780364,-122.4728095,Sichuan Home,66,94118
37.7751205,-122.464998,Rise & Grind Coffee and Tea,181,94118
37.7751205,-122.464998,Golden Gate Park Skate & Bike,193,94118
37.7751205,-122.464998,The Richmond,226,94118
37.8098236,-122.2801923,After Hours Spot Strip Club,366,94607
37.8098236,-122.2801923,Chile Bravo Grill,479,94607
37.8098236,-122.2801923,ARCO,489,94607
37.773238,-122.399998,Mission Creek Dog Park,255,94158
37.773238,-122.399998,San Francisco Flower Mart,256,94107
37.773238,-122.399998,Mars Bar & Restaurant,274,94103
37.770519,-122.442326,Ritual Coffee Roasters,128,94117
37.770519,-122.442326,Sunshine Coast,143,94117
37.770519,-122.442326,Central Haight Coffee Tea & Sandwiches,152,94117
37.72095,-122.478859,Peet's Coffee and Tea,101,94132
37.72095,-122.478859,J. Paul Leonard Library,110,94132
37.72095,-122.478859,Natural Sensations,120,94132
37.722001,-122.482735,The Village Market & Pizza,155,94132
37.722001,-122.482735,Good To Go,199,94132
37.722001,-122.482735,Taza Smoothies & Wraps,201,94132
37.731085,-122.476163,YMCA,39,94132
37.731085,-122.476163,Banh Mi Love,75,94132
37.731085,-122.476163,Subway,97,94132
37.775211,-122.511208,TJ Cafe,95,94121
37.775211,-122.511208,Ocean Beach Cafe,130,94121
37.775211,-122.511208,Andytown Coffee — Richmond District,264,94121
37.71616094545787,-122.440105676651,Claddagh Coffee,7,94112
37.71616094545787,-122.440105676651,Little Caesars Pizza,11,94112
37.71616094545787,-122.440105676651,The Dark Horse Inn,23,94112
37.783176,-122.393378,The Clocktower Building,66,94107
37.783176,-122.393378,Blue Bottle Coffee,79,94107
37.783176,-122.393378,The American Grilled Cheese Kitchen,108,94107
37.808715,-122.2492512,The Lake Merritt Pergola,31,94610
37.808715,-122.2492512,Lakeside Park,49,94610
37.808715,-122.2492512,Cafe Lakeview,62,94610
37.7851994,-122.3962173,"The Clancy, Autograph Collection",96,94105
37.7851994,-122.3962173,Wine Down SF,218,94107
37.7851994,-122.3962173,Equator Coffees & Teas,255,94105
37.7840775,-122.411926,Yemen Kitchen,105,94102
37.7840775,-122.411926,Zombie Village,179,94102
37.7840775,-122.411926,Rise Over Run,210,94102
37.765429,-122.42189,Manny's,31,94103
37.765429,-122.42189,Rudi’s Sports Bar Restaurant,60,94103
37.765429,-122.42189,Truly Mediterranean,63,94103
37.8689109,-122.2587857,Yi Fang Taiwan Fruit Tea,15,94704
37.8689109,-122.2587857,Jamba,26,94704
37.8689109,-122.2587857,Cafe Milano,34,94704
37.7476755,-122.420215,Roccapulco,103,94110
37.7476755,-122.420215,El Rio,113,94110
37.7476755,-122.420215,Sophia's Beauty Lounge,115,94110
37.78646613354221,-122.39871607983105,Equator Coffees & Teas,18,94105
37.78646613354221,-122.39871607983105,Blue Bottle Coffee,73,94105
37.78646613354221,-122.39871607983105,Sweetgreen,88,94105
37.7896195,-122.400808,Louie's Bar,93,94105
37.7896195,-122.400808,Montgomery St BART Station,140,94104
37.7896195,-122.400808,Satori Yoga Studio,150,94104
37.790296440371655,-122.3938751220703,Blue Bottle Coffee,78,94105
37.790296440371655,-122.3938751220703,Andytown Coffee Roasters,149,94105
37.790296440371655,-122.3938751220703,Philz Coffee,188,94105
37.355692651246365,-121.89225107431412,Taylor Street Night Market,229,95112
37.355692651246365,-121.89225107431412,Gordon Biersch Brewery Restaurant,256,95112
37.355692651246365,-121.89225107431412,Pavona Gym,273,95112
37.8027671,-122.4132756,Beacon Coffee & Pantry,52,94133
37.8027671,-122.4132756,North Beach Pool,93,94133
37.8027671,-122.4132756,Curry Leaf,109,94133
37.349426308788,-121.8876188993454,Kiem Service Laundromat,214,95112
37.349426308788,-121.8876188993454,Swaad Indian Cuisine,329,95112
37.349426308788,-121.8876188993454,Chiaramonte's Deli & Sausages,415,95112
37.770282,-122.4154585,The Willows,87,94103
37.770282,-122.4154585,Rainbow Grocery,96,94103
37.770282,-122.4154585,Rintaro,172,94103
37.7692231,-122.43406206015258,Duboce Park,104,94117
37.7692231,-122.43406206015258,Waller Mansion,216,94117
37.7692231,-122.43406206015258,Courtney Produce,248,94114
37.7685449,-122.40423738710535,San Francisco Design Center Galleria,82,94103
37.7685449,-122.40423738710535,San Francisco Design Center Showplace & Garden Court,110,94103
37.7685449,-122.40423738710535,Niku Steakhouse,147,94103
37.83575,-122.262654,Mountain Mike's Pizza,5,94609
37.83575,-122.262654,Burma Bites,14,94609
37.83575,-122.262654,Hawking Bird,21,94609
37.837369,-122.267656,Peet’s Coffee & Tea - Children's Hospital Outpatient Building,39,94609
37.837369,-122.267656,Friendly Cafe,45,94609
37.837369,-122.267656,Tease Southern Kitchen,231,94609
37.7735622,-122.4425712,Parkside Market,93,94117
37.7735622,-122.4425712,William McKinley Statue,111,94117
37.7735622,-122.4425712,Scarlet Fox,151,94117
37.802688402040665,-122.26914636790752,Fillmore Karaoke Corporation,69,94612
37.802688402040665,-122.26914636790752,Biryani Kabab,74,94612
37.802688402040665,-122.26914636790752,Binh Minh Quan,77,94607
37.80717108096738,-122.40927904844284,Red Jack Saloon,128,94133
37.80717108096738,-122.40927904844284,Hard Rock Cafe,183,94133
37.80717108096738,-122.40927904844284,Boudin,200,94133
37.797249,-122.427457,Blue Fog Market,26,94123
37.797249,-122.427457,Allyne Park,37,94123
37.797249,-122.427457,Bossa,70,94123
37.7587,-122.463774,Kindred Transitional Care and Rehabilitation,40,94122
37.7587,-122.463774,Roxie Market & Deli,288,94122
37.7587,-122.463774,Friendly Cuts,396,94122
37.806929,-122.411536,IHOP,127,94133
37.806929,-122.411536,Hotel Zephyr,174,94133
37.806929,-122.411536,Red Jack Saloon,183,94133
37.805442,-122.42313,Palette Tea House,33,94109
37.805442,-122.42313,San Francisco Brewing Co. Beer Garden,38,94109
37.805442,-122.42313,VOM FASS Oils Vinegars Spirits,45,94109
37.760278,-122.419074,Taqueria Cancún,21,94110
37.760278,-122.419074,Royal Cuckoo Market,37,94110
37.760278,-122.419074,Teeth,40,94110
37.7228179,-122.4472364,Balboa Park BART Station,134,94112
37.7228179,-122.4472364,Crazy Pepper,226,94112
37.7228179,-122.4472364,City College: Community Health & Wellness Center,234,94112
37.7861375,-122.405234,Trader Joe's,69,94103
37.7861375,-122.405234,Equinox Sports Club San Francisco,81,94103
37.7861375,-122.405234,Four Seasons Hotel San Francisco,94,94103
37.78709359600294,-122.41670072078703,Propagation,21,94109
37.78709359600294,-122.41670072078703,Geary Club,99,94109
37.78709359600294,-122.41670072078703,Tender,107,94109
37.8753207,-122.2601554,Menchie's,11,94709
37.8753207,-122.2601554,Urbann Turbann,12,94709
37.8753207,-122.2601554,Bongo Burger,30,94709
37.782574,-122.442203,City Church Sutter Street,316,94115
37.782574,-122.442203,9:20 Special,321,94115
37.782574,-122.442203,Cheese Steak Shop,387,94115
37.8020552,-122.4017154,Levi's Store,56,94111
37.8020552,-122.4017154,Pier 23 Cafe,162,94111
37.8020552,-122.4017154,Bay Club San Francisco,178,94111
37.7822586,-122.3914651,Rooftop Github,27,94107
37.7822586,-122.3914651,SAJJ Mediterranean,97,94107
37.7822586,-122.3914651,21st Amendment Brewery & Restaurant,99,94107
37.8494355,-122.2525406,The Graduate,34,94618
37.8494355,-122.2525406,Momo Ramen,45,94618
37.8494355,-122.2525406,Yimm,51,94618
37.8051895,-122.29461686454056,West Oakland BART Station,56,94606
37.8051895,-122.29461686454056,Jolly-Jolly Coffee & Kitchen,112,94607
37.8051895,-122.29461686454056,Pupuseria San Salvador,113,94607
37.7690102,-122.4222482622354,Dancing Yak Restaurant & Bar,60,94103
37.7690102,-122.4222482622354,Burma Love,70,94103
37.7690102,-122.4222482622354,Shizen,106,94103
37.82246767714513,-122.26597130298616,Rhetoric Coffee Outside,205,94609
37.82246767714513,-122.26597130298616,Layalina Resturant,264,94609
37.82246767714513,-122.26597130298616,Tin & Pig,297,94609
37.324414,-121.88078,Mariscos & Taqueria La Ceiba,111,95113
37.324414,-121.88078,5 Spot Chivas Grill,143,95110
37.324414,-121.88078,Camino Brewing Co.,173,95113
37.3364659,-121.8766132,Quickwash Laundry,12,95112
37.3364659,-121.8766132,House of Bagels,34,95112
37.3364659,-121.8766132,San Carlos Italian Pizza,40,95112
37.805376,-122.437261,Marina Green Philz Truck,146,94123
37.805376,-122.437261,Fitness Court,198,94123
37.805376,-122.437261,Club 3545,345,94123
37.7637348,-122.41552403555308,Rite Spot Cafe,39,94110
37.7637348,-122.41552403555308,Stable Cafe,60,94110
37.7637348,-122.41552403555308,Mission Bowling Club,104,94110
37.7811944,-122.3999862,Whole Foods,8,94107
37.7811944,-122.3999862,K & L Wine Merchants,183,94107
37.7811944,-122.3999862,Shelby’s Rooftop,223,94103
37.7788325,-122.4181591,Siam Orchid Traditional Thai Massage,192,94102
37.7788325,-122.4181591,Davies Symphony Hall,199,94102
37.7788325,-122.4181591,Asian Art Museum,208,94102
37.778799,-122.4159632,Fermentation Lab,74,94102
37.778799,-122.4159632,Orpheum Theatre,117,94102
37.778799,-122.4159632,Dolby Theatre,121,94103
37.722601,-122.3922705,H & K Liquor & Deli,86,94124
37.722601,-122.3922705,Laughing Monk Brewing,110,94124
37.722601,-122.3922705,Four Star Seafood & Provisions,125,94124
37.3398531,-121.8636494,DTSJ Brewing,163,95116
37.3398531,-121.8636494,Tacos El Checo,188,95116
37.3398531,-121.8636494,Acopio,201,95116
37.80028668467315,-122.42578603327274,Boboquivari's,101,94123
37.80028668467315,-122.42578603327274,Bobo's Lounge,112,94123
37.80028668467315,-122.42578603327274,Black Magic Voodoo Lounge,143,94123
37.792979854977766,-122.4233016371727,House Of Prime Rib42,62,94109
37.792979854977766,-122.4233016371727,Haas-Lilienthal House,148,94109
37.792979854977766,-122.4233016371727,The Cinch,176,94109
37.8285951,-122.2663493,MacArthur BART Station,63,94609
37.8285951,-122.2663493,Emery Go-Round Macarthur Bart Bus Stop,80,94609
37.8285951,-122.2663493,Burlap Coffee,134,94609
37.33116799422201,-121.88693761825562,Nirvana Soul,18,95113
37.33116799422201,-121.88693761825562,Original Joe's,26,95113
37.33116799422201,-121.88693761825562,The Continental Bar Lounge & Patio,66,95113
37.767256698389865,-122.40032913185132,Wolfe's Espresso Bar,113,94107
37.767256698389865,-122.40032913185132,Bunn Mike,188,94103
37.767256698389865,-122.40032913185132,Tiptoes Nail Spa,211,94103
37.7870025,-122.420053,Jackalope,12,94109
37.7870025,-122.420053,Kuma Sushi + Sake,28,94109
37.7870025,-122.420053,Grass Roots,48,94109
37.7737524,-122.3914274,Casey’s Pizza,6,94158
37.7737524,-122.3914274,House of Tadu Ethiopian Kitchen,24,94158
37.7737524,-122.3914274,Réveille Coffee Co,49,94158
37.7971765,-122.4036272,Cotogna,18,94133
37.7971765,-122.4036272,Blue Bottle Coffee,27,94133
37.7971765,-122.4036272,William Stout Architectural Books,65,94133
37.764783,-122.3908972,Shorenstein Family Cafe,148,94143
37.764783,-122.3908972,Dropbox Tuck Shop,169,94158
37.764783,-122.3908972,Equator Cafe,183,94143
37.791966,-122.429315,Lafayette Park,134,94109
37.791966,-122.429315,Ales Unlimited,326,94115
37.791966,-122.429315,Haas-Lilienthal House,411,94109
37.7981975,-122.4474145,Golden Gate Deli & Liquor,35,94123
37.7981975,-122.4474145,Pizzeria Avellino,35,94123
37.7981975,-122.4474145,Presidio Social Club,109,94129
37.788048,-122.438812,B. on the Go,138,94115
37.788048,-122.438812,Routier,148,94115
37.788048,-122.438812,Presidio Pizza Company,162,94115
37.768872,-122.3911087,Subway,73,94158
37.768872,-122.3911087,Peasant Pies,88,94158
37.768872,-122.3911087,Firetrail Pizza,212,94158
37.750506,-122.4339496,Hamano Sushi,41,94114
37.750506,-122.4339496,Birch & Rye,59,94114
37.750506,-122.4339496,The Peaks,60,94114
37.7965927,-122.4556884,Inn at the Presidio,198,94129
37.7965927,-122.4556884,Colibri Mexican Bistro,316,94129
37.7965927,-122.4556884,Free Shakespeare in the Park,409,94129
37.799676,-122.452599,Cafe RX,79,94129
37.799676,-122.452599,Javva the Hutt,200,94129
37.799676,-122.452599,ACRE Café,201,94129
37.72489268384971,-122.4432384967804,Balboa Park Skatepark,57,94112
37.72489268384971,-122.4432384967804,Pineapples,186,94112
37.72489268384971,-122.4432384967804,The Check-In Wine Lounge,261,94112
37.726266,-122.479462,Gram Cafe & Pancakes,241,94132
37.726266,-122.479462,Jamba,243,94132
37.726266,-122.479462,Victoria's Secret,247,94132
37.725603,-122.476561,McDonald's,89,94132
37.725603,-122.476561,Trader Joe's,121,94132
37.725603,-122.476561,Starbucks,134,94132
37.723426,-122.455102,Fate Tea House,23,94112
37.723426,-122.455102,McDonald's,33,94112
37.723426,-122.455102,Whole Foods,41,94112
37.7273951,-122.4354739,Sweet Delight Bakery,186,94112
37.7273951,-122.4354739,Zabb Thai,196,94112
37.7273951,-122.4354739,Quickly,207,94112
37.776598,-122.395282,Lounge of Avalon at Mission Bay I,166,94107
37.776598,-122.395282,Death By Taco,172,94158
37.776598,-122.395282,Gym Beacon,173,94107
37.76352708498452,-122.47949242628238,Sun Maxim's Bakery,37,94122
37.76352708498452,-122.47949242628238,Facial Plus,38,94122
37.76352708498452,-122.47949242628238,Sheng Kee Bakery,41,94122
37.825785004382006,-122.25346968515623,Piedmont Ave Cleaners,17,94611
37.825785004382006,-122.25346968515623,Belotti Bottega,18,94611
37.825785004382006,-122.25346968515623,Piedmont Grocery,25,94611
37.82268385945021,-122.27292420364392,Elvi's BBQ & Soul Food,251,94609
37.82268385945021,-122.27292420364392,Nibs Restaurant,288,94608
37.82268385945021,-122.27292420364392,Javi's Cooking Empanadas Argentinas,345,94608
37.31975695999228,-121.89299941062929,I Java Cafe,715,95126
37.31975695999228,-121.89299941062929,Heavenly Touch Carpet & Upholstery Cleaning,717,95125
37.31975695999228,-121.89299941062929,Mariscos San Juan,748,95110
37.77583378631289,-122.40269154310224,Dinosaurs,107,94103
37.77583378631289,-122.40269154310224,San Francisco Flower Mart,162,94107
37.77583378631289,-122.40269154310224,Kontrol,186,94103
37.79917511263459,-122.44272915651892,Original Buffalo Wings,28,94123
37.79917511263459,-122.44272915651892,United Liquor & Deli,83,94123
37.79917511263459,-122.44272915651892,The Missing Sock Laundry,88,94123
37.36508806048156,-121.87161205351002,788 Beer Club and Cafe,292,95133
37.36508806048156,-121.87161205351002,Frank-Lin Distillers Products,314,95133
37.36508806048156,-121.87161205351002,Bill’s Cafe,349,95133
37.7930958,-122.3988357,Perbacco,33,94111
37.7930958,-122.3988357,Tadich Grill,34,94111
37.7930958,-122.3988357,Pabu,66,94111
37.78970984996185,-122.40548387640956,Teuscher Chocolate,29,94108
37.78970984996185,-122.40548387640956,Harlan Records,84,94108
37.78970984996185,-122.40548387640956,Bar Fluxus,87,94108
37.7724385,-122.4039235,REI,42,94103
37.7724385,-122.4039235,Mars Bar & Restaurant,114,94103
37.7724385,-122.4039235,Bellota,122,94103
37.82352279021405,-122.27718830108644,Peoples Car Wash,129,94608
37.82352279021405,-122.27718830108644,Nibs Restaurant,229,94608
37.82352279021405,-122.27718830108644,Javi's Cooking Empanadas Argentinas,274,94608
37.7717667,-122.3866885,The Maritol,216,94158
37.7717667,-122.3866885,Starbucks,243,94158
37.7717667,-122.3866885,Atwater Tavern,286,94158
37.73065542923656,-122.4443047517252,Starr Spirits & Bottle Shop,205,94127
37.73065542923656,-122.4443047517252,Friends Bar,336,94127
37.73065542923656,-122.4443047517252,Tasty Coffee,390,94112
37.75016713801581,-122.38654196262358,The Midway SF,96,94124
37.75016713801581,-122.38654196262358,Dabao Singapore,167,94107
37.75016713801581,-122.38654196262358,Basil the Bold,170,94107
37.803968,-122.455079,Presidio Visitor Center,277,94129
37.803968,-122.455079,The Chairman Truck: at Off the Grid,365,94129
37.803968,-122.455079,Sports Basement,391,94129
37.80175010159663,-122.4563633604339,Presidio Visitor Center,46,94129
37.80175010159663,-122.4563633604339,The Chairman Truck: at Off the Grid,107,94129
37.80175010159663,-122.4563633604339,Free Shakespeare in the Park,187,94129
37.725372,-122.393954,Craftsman and Wolves Den,272,94124
37.725372,-122.393954,Laughing Monk Brewing,273,94124
37.725372,-122.393954,Extranomical Tours,276,94124
37.81258108581741,-122.2685730457306,Telegraph Bar and Beer Garden,30,94612
37.81258108581741,-122.2685730457306,Kingston 11,33,94612
37.81258108581741,-122.2685730457306,The Legionnaire Saloon,36,94612
37.80303013575619,-122.27049618959428,Golden Lotus,28,94612
37.80303013575619,-122.27049618959428,Mockingbird Restaurant,39,94612
37.80303013575619,-122.27049618959428,Modern Coffee Oakland,43,94612
37.78899099599619,-122.3922550678253,Philz Coffee,79,94105
37.78899099599619,-122.3922550678253,The Infinity - Fitness Center,80,94105
37.78899099599619,-122.3922550678253,Prospect,143,94105
37.76909488728109,-122.38633275032042,Harmonic Brewing Thrive City,71,94158
37.76909488728109,-122.38633275032042,Mission Bay Wine Bar,75,94158
37.76909488728109,-122.38633275032042,Miller & Lux,104,94158
37.82489252995112,-122.26043654610294,Mosswood Park & Recreation Center,161,94609
37.82489252995112,-122.26043654610294,Kaiser Cafeteria,257,94611
37.82489252995112,-122.26043654610294,Kaiser Permanente Oakland Medical Center,262,94611
37.7892792,-122.4450687,Sorrel,136,94115
37.7892792,-122.4450687,Rendez-Vous Nails,162,94115
37.7892792,-122.4450687,Presidio Kebabs & Gyro,198,94115
37.85760774739988,-122.26160466670989,Ethiopia Restaurant,207,94705
37.85760774739988,-122.26160466670989,Royal Rangoon,250,94705
37.85760774739988,-122.26160466670989,Whole Foods,253,94705
37.771134537078765,-122.44534134864809,Magnolia Brewing Company Haight,84,94117
37.771134537078765,-122.44534134864809,Magnolia Gastropub & Brewery,98,94117
37.771134537078765,-122.44534134864809,Hippie Thai Street Food,106,94117
37.74207523594424,-122.38660231232642,Soo Fong Restaurant,43,94124
37.74207523594424,-122.38660231232642,Tiffanys Cafe,72,94124
37.74207523594424,-122.38660231232642,Subway,73,94124
37.7688065330825,-122.41349816322328,Total Wine,63,94103
37.7688065330825,-122.41349816322328,Baklavastory,85,94103
37.7688065330825,-122.41349816322328,Pink Onion,113,94103
37.8356703,-122.2811258,KFC,136,94608
37.8356703,-122.2811258,Touch Of Soul,152,94608
37.8356703,-122.2811258,Cassave Restaurant & Taqueria,259,94608
37.785479,-122.419342,Ike's Sandwiches,44,94109
37.785479,-122.419342,Great American Music Hall,67,94109
37.785479,-122.419342,Rs-94109,104,94109
37.787963,-122.3918085,Woodlands Market,126,94105
37.787963,-122.3918085,Philz Coffee,140,94105
37.787963,-122.3918085,The Infinity - Fitness Center,146,94105
37.77599270441184,-122.39300568626936,Death By Taco,54,94158
37.77599270441184,-122.39300568626936,Philz Coffee,60,94158
37.77599270441184,-122.39300568626936,Lounge of Avalon at Mission Bay I,64,94107
37.83353887161604,-122.263693665756,Bird & Buffalo,62,94609
37.83353887161604,-122.263693665756,Izza,92,94609
37.83353887161604,-122.263693665756,Pyeong Chang Tofu House,102,94609
37.8063553,-122.2860187,The Big Apple Cafe,77,94607
37.8063553,-122.2860187,Sun Hing Restaurant,302,94607
37.8063553,-122.2860187,Google Shuttle - West Oakland P&R,387,94607
37.7543047,-122.4785927,Tiki Haven,38,94122
37.7543047,-122.4785927,The Crew,38,94122
37.7543047,-122.4785927,Peking Restaurant,39,94122
37.7540396,-122.4840403,Noriega Teriyaki House,118,94122
37.7540396,-122.4840403,Sunset Reservoir Brewing Company,147,94122
37.7540396,-122.4840403,Menkee Wonton,183,94122
37.7539295,-122.4883438,Safeway,47,94122
37.7539295,-122.4883438,Starbucks,51,94122
37.7539295,-122.4883438,Donut Times,101,94122
37.7628993,-122.4953893,Miu Miu Hair Salon,276,94122
37.7628993,-122.4953893,Sunset Cantina,367,94122
37.7628993,-122.4953893,Damnfine,376,94122
37.7626492,-122.5007785,Day Moon,63,94122
37.7626492,-122.5007785,Jika Ramen,70,94122
37.7626492,-122.5007785,Palm City,78,94122
37.7589001,-122.4951291,Damnfine,389,94122
37.7589001,-122.4951291,Sunset Cantina,396,94122
37.7589001,-122.4951291,Tazaki Sushi,396,94122
37.763874,-122.509526,Sri Thai Cuisine,150,94122
37.763874,-122.509526,Hook Fish Co,293,94122
37.763874,-122.509526,Java Beach Cafe,390,94122
37.752809,-122.504261,Papa Mak's Burgers,7,94122
37.752809,-122.504261,Beachwash,20,94122
37.752809,-122.504261,Bobaville,29,94122
37.76372118411808,-122.4753742486682,B&B,19,94122
37.76372118411808,-122.4753742486682,King of Noodles,37,94122
37.76372118411808,-122.4753742486682,Rachel Mulready,57,94122
37.75699964338489,-122.50255097589334,Andytown Coffee Roasters,31,94122
37.75699964338489,-122.50255097589334,Mediterranean Cafe,417,94122
37.75699964338489,-122.50255097589334,Judahlicious,420,94122
37.75300468614256,-122.5085402813285,Hong's Kitchen,254,94122
37.75300468614256,-122.5085402813285,The Pizza Place on Noriega,264,94122
37.75300468614256,-122.5085402813285,Devil's Teeth Baking Company,308,94122
37.751471937685125,-122.49855753927037,Eggettes,226,94122
37.751471937685125,-122.49855753927037,Polly Ann Ice Cream,231,94122
37.751471937685125,-122.49855753927037,Domino's Pizza,262,94122
37.80445377683579,-122.41579377360824,Kennedy's Indian Curry House & Irish Pub,58,94133
37.80445377683579,-122.41579377360824,Columbus Motor Inn,60,94133
37.80445377683579,-122.41579377360824,Bimbo's 365 Club,80,94133
37.74058873182711,-122.38908866713396,Sunday Gather,36,94124
37.74058873182711,-122.38908866713396,Raff Distillerie San Francisco,112,94124
37.74058873182711,-122.38908866713396,Starbucks,129,94124
37.75173717215301,-122.49560004673242,Domino's Pizza,242,94122
37.75173717215301,-122.49560004673242,Eggettes,247,94122
37.75173717215301,-122.49560004673242,Polly Ann Ice Cream,269,94122
37.774256,-122.40185,San Francisco Flower Mart,154,94107
37.774256,-122.40185,Dinosaurs,156,94103
37.774256,-122.40185,Mars Bar & Restaurant,158,94103
37.78384421884662,-122.390002088434,Delancey Street Restaurant,157,94107
37.78384421884662,-122.390002088434,Town's End Restaurant & Bakery,187,94107
37.78384421884662,-122.390002088434,Rooftop Github,220,94107
37.785359635574224,-122.4318015575409,Festa Wine & Cocktail Lounge - Karaoke,26,94115
37.785359635574224,-122.4318015575409,Marufuku Ramen,35,94115
37.785359635574224,-122.4318015575409,Club Mari's,39,94115
37.7824146203997,-122.40019999757254,Whole Foods,132,94107
37.7824146203997,-122.40019999757254,Shelby’s Rooftop,158,94103
37.7824146203997,-122.40019999757254,Pazzia Ristorante Italiano,190,94107
37.78235803304849,-122.39312995744228,Blue Bottle Coffee,13,94107
37.78235803304849,-122.39312995744228,The American Grilled Cheese Kitchen,28,94107
37.78235803304849,-122.39312995744228,21st Amendment Brewery & Restaurant,47,94107
37.7423139,-122.4231805,El Buen Comer,105,94110
37.7423139,-122.4231805,Universal Bakery,112,94110
37.7423139,-122.4231805,Oye Managua,115,94110
37.34648029372904,-121.86856960181206,Restaurant El Aguila,65,95116
37.34648029372904,-121.86856960181206,Hamburguesas El Gordo,79,95116
37.34648029372904,-121.86856960181206,Linda's Restaurant,139,95116
37.75488391783665,-122.42564865054452,The Liberties,213,94110
37.75488391783665,-122.42564865054452,Tuba Authentic Turkish Restaurant,220,94110
37.75488391783665,-122.42564865054452,Lone Palm,226,94110
37.780805727779445,-122.42190607010215,San Francisco Cooking School,186,94102
37.780805727779445,-122.42190607010215,Smuggler's Cove,206,94102
37.780805727779445,-122.42190607010215,Robin,226,94102
37.8559558,-122.2597949,Krispy Krunchy Chicken,45,94705
37.8559558,-122.2597949,Whole Foods,65,94705
37.8559558,-122.2597949,Aliberto’s Jr Fresh Mex,89,94705
37.80330737378947,-122.41489757374517,La Rocca's Corner,28,94133
37.80330737378947,-122.41489757374517,Curry Leaf,44,94133
37.80330737378947,-122.41489757374517,International Sports Club,57,94133
37.7896297,-122.3903352745212,Prospect,62,94105
37.7896297,-122.3903352745212,W6 Coffee Bar,84,94105
37.7896297,-122.3903352745212,The Infinity - Fitness Center,102,94105
37.758862,-122.412544,Mijoté,22,94110
37.758862,-122.412544,Flour + Water,28,94110
37.758862,-122.412544,True Laurel,102,94110
37.7638471,-122.4130036,Gus's Community Market,20,94110
37.7638471,-122.4130036,Front Pop-Up,96,94110
37.7638471,-122.4130036,Rite Spot Cafe,182,94110
37.7642245,-122.4673775,Perilla,29,94122
37.7642245,-122.4673775,Blackthorn Tavern,32,94122
37.7642245,-122.4673775,Manna,32,94122
37.7974387,-122.4339891,Joy Joy Nail,25,94123
37.7974387,-122.4339891,The Brixton,50,94123
37.7974387,-122.4339891,Sephora,53,94123
37.759211,-122.4367975,Castro Village Wine Co.,137,94114
37.759211,-122.4367975,Spike's Coffee & Tea,139,94114
37.759211,-122.4367975,Heroic Italian,155,94114
37.7762475,-122.4262025,Suppenküche,17,94102
37.7762475,-122.4262025,Earthbody,20,94102
37.7762475,-122.4262025,Petit Crenn,24,94102
37.8738556998122,-122.28298832384976,North Berkeley BART Station,30,94702
37.8738556998122,-122.28298832384976,Berkeley Food Pantry,265,94702
37.8738556998122,-122.28298832384976,Three Stone Hearth,389,94703
37.75199174291808,-122.4189799743526,Dance Mission Theater,24,94110
37.75199174291808,-122.4189799743526,BART - 24th St Mission Station,27,94110
37.75199174291808,-122.4189799743526,Beloved Cafe,30,94110
37.773587,-122.471357,Golden Gate Park Rose Garden,175,94118
37.773587,-122.471357,Park Presidio Service Rd,236,94118
37.773587,-122.471357,de Young Museum,328,94118
37.78244163642955,-122.47198741577115,DNM Hot Pot,66,94118
37.78244163642955,-122.47198741577115,Healthy Spirits,109,94118
37.78244163642955,-122.47198741577115,Cafe La Flore,129,94118
37.77756936716073,-122.42656908597016,Salt & Straw,123,94102
37.77756936716073,-122.42656908597016,Petit Crenn,136,94102
37.77756936716073,-122.42656908597016,Suppenküche,139,94102
37.77344259318636,-122.42715750770115,Domo Sushi,292,94102
37.77344259318636,-122.42715750770115,Linden & Laguna,294,94102
37.77344259318636,-122.42715750770115,Earthbody,304,94102
37.805454,-122.413668,Trader Joe's,25,94133
37.805454,-122.413668,Cilantro SF Taqueria,89,94133
37.805454,-122.413668,Bar Zoe,94,94133
37.7810737,-122.4117382,Charmaine's,61,94102
37.7810737,-122.4117382,Alonzo King LINES Dance Center,113,94103
37.7810737,-122.4117382,Arsicault,152,94102
37.795001,-122.39997,Punch Line Comedy Club,24,94111
37.795001,-122.39997,Brogan and Son,40,94111
37.795001,-122.39997,Wheel House,57,94111
37.76707850458367,-122.40735858678818,The Great Northern,94,94103
37.76707850458367,-122.40735858678818,Potrero Screening Room Aka,138,94103
37.76707850458367,-122.40735858678818,Premium Port Wine,140,94103
37.77290764129927,-122.46593131805308,Rise & Grind Coffee and Tea,84,94118
37.77290764129927,-122.46593131805308,Lindy in the Park,120,94118
37.77290764129927,-122.46593131805308,John Mclaren Memorial Rhododendron Dell,121,94122
37.76486899,-122.5004981,Day Moon,245,94122
37.76486899,-122.5004981,Jika Ramen,280,94122
37.76486899,-122.5004981,Palm City,296,94122
37.770478954997095,-122.5105938991249,Beach Chalet Brewery and Restaurant,119,94121
37.770478954997095,-122.5105938991249,Park Chalet Coastal Beer Garden,122,94121
37.770478954997095,-122.5105938991249,Safeway,256,94121
37.77169999448369,-122.45828202004182,Conservatory of Flowers,173,94118
37.77169999448369,-122.45828202004182,Hippie Hill,200,94117
37.77169999448369,-122.45828202004182,The Velo Rouge Cafe,389,94118
37.7666140891107,-122.46421122480088,Sip Tea Room,179,94122
37.7666140891107,-122.46421122480088,Um.ma,207,94122
37.7666140891107,-122.46421122480088,Pacific Catch,208,94122
37.76781983,-122.5018675,Bison Paddock,336,94122
37.76781983,-122.5018675,Golden Gate Park Golf Course,438,94121
37.76781983,-122.5018675,GGACC Fly Casting Pools,464,94121
37.77093751,-122.4771164,Stow Lake Boathouse,34,94118
37.77093751,-122.4771164,Strawberry Hill,316,94118
37.77093751,-122.4771164,Golden Gate Park Rose Garden,520,94118
37.76872962,-122.459429,Golden Gate Park Carousel,127,94118
37.76872962,-122.459429,Hippie Hill,188,94117
37.76872962,-122.459429,Kezar Stadium,367,94117
37.73192120789263,-122.3898859765855,Golden City Inn Chinese Food,138,94124
37.73192120789263,-122.3898859765855,Bayview / Anna E. Waden Branch Library,149,94124
37.73192120789263,-122.3898859765855,All Nite Pizza,172,94124
37.768384314385024,-122.45196695803196,Shrader Cleaners,10,94117
37.768384314385024,-122.45196695803196,Laundromat,44,94117
37.768384314385024,-122.45196695803196,Free Gold Watch,74,94117
37.771589,-122.495772,Golden Gate Park Senior Center,114,94121
37.771589,-122.495772,Annie's Hot Dogs,151,94121
37.771589,-122.495772,Cabrillo Playground Sf,287,94121
37.86210729531374,-122.25337594777848,Souvenir Coffee Co.,13,94705
37.86210729531374,-122.25337594777848,Willard Park,298,94705
37.86210729531374,-122.25337594777848,7-Eleven,371,94705
37.72326479620352,-122.43782585917543,Beijing Restaurant,67,94112
37.72326479620352,-122.43782585917543,Sippin Wine Bar,126,94112
37.72326479620352,-122.43782585917543,Bottoms Up Bar & Lounge,144,94112
37.77911463264767,-122.4368621254282,Chicago Barber Shop II,162,94115
37.77911463264767,-122.4368621254282,Brenda's Meat & Three,178,94115
37.77911463264767,-122.4368621254282,Che Fico,218,94117
37.720038,-122.433823,Hilda's Mart & Bake Shop,282,94112
37.720038,-122.433823,Italian American Social Club of San Francisco,295,94112
37.720038,-122.433823,Pupuseria Metapan,316,94112
37.72024,-122.425312,Gleneagles Golf Course,484,94134
37.72024,-122.425312,Don Chuys Mexi-Mercado,524,94112
37.72024,-122.425312,Crocker Amazon Softball Fields,837,94112
37.795392,-122.394203,Blue Bottle Coffee,42,94111
37.795392,-122.394203,Gott's Roadside,44,94111
37.795392,-122.394203,Fort Point Beer Company,50,94111
37.78175809088735,-122.48602866997176,Bob's Burgers,22,94121
37.78175809088735,-122.48602866997176,Hard Knox Cafe,32,94121
37.78175809088735,-122.48602866997176,Serendipity,43,94121
37.7813332251007,-122.4048243192974,The Chieftain Irish Pub & Restaurant,22,94103
37.7813332251007,-122.4048243192974,Intercontinental Club Lounge,54,94103
37.7813332251007,-122.4048243192974,InterContinental Bar,60,94103
37.75452190090258,-122.40403879371094,Deli 23,34,94110
37.75452190090258,-122.40403879371094,Lucky Coffee,80,94110
37.75452190090258,-122.40403879371094,San Francisco General Hospital,163,94110
37.77168,-122.422301,Martuni's,72,94103
37.77168,-122.422301,Boba Guys,172,94102
37.77168,-122.422301,Zeitgeist,181,94103
37.72063402240577,-122.4475379192397,Crazy Pepper,79,94112
37.72063402240577,-122.4475379192397,Balboa Park BART Station,109,94112
37.72063402240577,-122.4475379192397,Nina Claire's Cafe,110,94112
37.78847870510701,-122.42033508761928,McTeague's Saloon,10,94109
37.78847870510701,-122.42033508761928,Peoples Barber,26,94109
37.78847870510701,-122.42033508761928,Lush Lounge,35,94109
37.790588343975,-122.41893285742222,Mymy,31,94109
37.790588343975,-122.41893285742222,Trader Joe's,87,94109
37.790588343975,-122.41893285742222,Uforia Studios,107,94109
37.7744791,-122.4139142,AsiaSF,101,94103
37.7744791,-122.4139142,Monument,122,94103
37.7744791,-122.4139142,Center for Sex & Culture,169,94103
37.86281710670802,-122.2902952903697,Ohmega Salvage,54,94702
37.86281710670802,-122.2902952903697,Berkeley Patients Group,60,94702
37.86281710670802,-122.2902952903697,Afghan Burrito,171,94702
37.7353216,-122.5053186,Java Beach At The Zoo,203,94116
37.7353216,-122.5053186,Irish Cultural Center,209,94116
37.7353216,-122.5053186,Cafe Playfield,226,94132
37.7489641,-122.4571037,Forest Hill MUNI Metro Station,193,94116
37.7489641,-122.4571037,ChouChou French Bistro,261,94116
37.7489641,-122.4571037,Sushi Shoh,278,94116
37.7426678,-122.4834267,El Burrito Express 1,20,94116
37.7426678,-122.4834267,Fiery Hot Pot Buffet,37,94116
37.7426678,-122.4834267,King of Thai Noodle Cafe,51,94116
37.79672497398881,-122.4016581884798,Cafe Me,74,94111
37.79672497398881,-122.4016581884798,Bix,114,94133
37.79672497398881,-122.4016581884798,The Battery,135,94111
37.7481775,-122.4591988,Forest Hill MUNI Metro Station,11,94116
37.7481775,-122.4591988,ChouChou French Bistro,88,94116
37.7481775,-122.4591988,Yoji Sushi,94,94116
37.7420934,-122.4985285,"Andytown Roastery, Training Lab, & Coffee Supply",6,94116
37.7420934,-122.4985285,Sweet Passion Bakery,9,94116
37.7420934,-122.4985285,Win's Restaurant,35,94116
37.7249138,-122.4614828,CVS Speciality,42,94112
37.7249138,-122.4614828,A-1 Bakery,66,94112
37.7249138,-122.4614828,Ingleside Barber Shop,70,94112
37.7380013,-122.5062969,Doggie Diner Head,228,94132
37.7380013,-122.5062969,Irish Cultural Center,372,94116
37.7380013,-122.5062969,Java Beach At The Zoo,385,94116
37.740507,-122.4663653,Noe Valley Bakery,9,94127
37.740507,-122.4663653,Franco’s Latin Table,13,94127
37.740507,-122.4663653,Easy Breezy Frozen Yogurt,17,94127
37.7316601,-122.4733101,Ambrosia Bakery,13,94132
37.7316601,-122.4733101,Portal World Travel,22,94132
37.7316601,-122.4733101,Kamakura Sushi & Sake House,56,94132
37.745631,-122.5074385,Underdogs Too,472,94116
37.745631,-122.5074385,White Cap,477,94116
37.745631,-122.5074385,Brothers Pizza,479,94116
37.7375131,-122.4694914,Ballast Coffee,5,94127
37.7375131,-122.4694914,Heaven & Earth Acupuncture,12,94127
37.7375131,-122.4694914,The Dubliner,19,94127
37.7430051,-122.479359,KFC,49,94116
37.7430051,-122.479359,Taraval Tailors,54,94116
37.7430051,-122.479359,Riji Cafe,58,94116
37.7485077,-122.4784194,Uncle Joe,10,94116
37.7485077,-122.4784194,Brothers Popadopolous,190,94116
37.7485077,-122.4784194,Noodle Stop,543,94122
37.7418534,-122.5068902,The Riptide,139,94116
37.7418534,-122.5068902,Brothers Pizza,149,94116
37.7418534,-122.5068902,Andytown Sf,150,94116
37.7244072,-122.4587692,Jojo's Cafe,14,94112
37.7244072,-122.4587692,Golden Coast Restaurant,25,94112
37.7244072,-122.4587692,Ming Kee Restaurant,33,94112
37.7699501,-122.4816534,Speedway Meadows,347,94118
37.7699501,-122.4816534,Stow Lake Boathouse,414,94118
37.7699501,-122.4816534,Golden Gate Frisbee Disc Golf Course,437,94121
37.7708604,-122.4899713,Golden Gate Frisbee Disc Golf Course,350,94121
37.7708604,-122.4899713,Annie's Hot Dogs,399,94121
37.7708604,-122.4899713,Speedway Meadows,416,94118
37.7699245,-122.4845999,Speedway Meadows,98,94118
37.7699245,-122.4845999,Golden Gate Frisbee Disc Golf Course,236,94121
37.7699245,-122.4845999,Stow Lake Boathouse,670,94118
37.7807382,-122.4027281,Mathilde French Bistro,72,94107
37.7807382,-122.4027281,Shelby’s Rooftop,198,94103
37.7807382,-122.4027281,K & L Wine Merchants,205,94107
37.78383,-122.39887,SPiN Social Club,54,94107
37.78383,-122.39887,Pazzia Ristorante Italiano,78,94107
37.78383,-122.39887,B Restaurant & Bar,262,94103
37.734966,-122.429772,New Bosworth Market,210,94112
37.734966,-122.429772,East-West Integrative Medicine Clinic,230,94131
37.734966,-122.429772,Destination Baking Company,232,94131
37.800494,-122.432759,Jake's Steaks,21,94123
37.800494,-122.432759,Zushi Puzzle,37,94123
37.800494,-122.432759,Moscone Recreation Center,101,94123
37.7604469,-122.410807,Farmhouse Kitchen Thai Cuisine,41,94110
37.7604469,-122.410807,Penny Roma,119,94110
37.7604469,-122.410807,San Ho Won,123,94110
37.81225021872637,-122.2607185732995,Equator Coffees,30,94610
37.81225021872637,-122.2607185732995,Whole Foods,38,94612
37.81225021872637,-122.2607185732995,Floodcraft Taproom,43,94612
37.713185,-122.433405,Crocker Amazon Softball Fields,230,94112
37.713185,-122.433405,Stop N Wrap,240,94112
37.713185,-122.433405,Geneva Pub,289,94112
37.77855734730058,-122.47798977442686,Starbucks,184,94121
37.77855734730058,-122.47798977442686,Burrito Loco & Wings,185,94121
37.77855734730058,-122.47798977442686,May's Barbershop,197,94121
37.76344319627197,-122.48355373749293,Durty Nelly's,45,94122
37.76344319627197,-122.48355373749293,Fiery Hot Pot and Grill,51,94122
37.76344319627197,-122.48355373749293,SJ Crawfish,59,94122
37.78136135362254,-122.41852998313826,Outta Sight Pizza,137,94102
37.78136135362254,-122.41852998313826,Philz Coffee,143,94102
37.78136135362254,-122.41852998313826,Emperor Norton's Boozeland,152,94102
