Station_No,Station_ID,Bike_Lat,Bike_Long,name
0,d0e8f4f1834b7b33a3faf8882f567ab8,37.849735,-122.270582,Shewhat
1,983514094dd808b1604da2dcfc2d09af,37.33618830029063,-121.8892765045166,The Club On Post
2,da17603652106fda93da4e255a5b0a22,37.322124625448566,-121.88109040260316,Petiscos
3,7a21c92b3b4cd2f7759107b4fdebf869,37.3236779,-121.8741186,Smack Burgers
4,ce34d38fb230a23c1ced12d1e16df294,37.3259984,-121.87712,Petiscos
5,a3b487ad4ac93ab3e9f9654f87ed8c1e,37.3229796,-121.8879312,Petiscos
6,b4b0088fb4fbb4587cad9d89ddc092cd,37.327581,-121.884559,Petiscos
7,d576652cc151c23d6ec52b8454429d47,37.3327938,-121.8759263,Cali Spartan Mexican Kitchen
8,0a24b6ab9ca6684780b6682901b3c680,37.3448821,-121.8969655,SJ Omogari
9,a4b234ab072402cbfcbd5e306588d9a9,37.3413348,-121.9031829,SJ Omogari
10,c7d58812e5bcf9183e20ec387d0386a9,37.80781318217903,-122.26449608802795,Parche
11,ade8fb7d8bab829cc6b2b752c02882ff,37.8110807,-122.2432677,Shakewell
12,3a9baba8738c921ad820add914d8d365,37.80889393398715,-122.25646018981932,Mama Oakland
13,8870d1c76fa018d1758fad83f2be5237,37.8305452,-122.2739367,Hidden Spot - Emeryville
14,a840a66dcf537eb53ff86c7ed469f491,37.8302232,-122.2709501,Lovely Day
15,315bd655b7cf06f4cf2e3c78879043e4,37.8127441,-122.2472152,Almond & Oak
16,c58c5e00d5caeb09fab3509a349ac2ce,37.85578332030199,-122.28312671184538,Creekwood
17,55389695e3090fea977edbe85a0b7dfc,37.85557366182879,-122.2635653614998,Kuboba Spot
18,81cc789c1070340c1930450769536ea2,37.8575672,-122.2675583,Kuboba Spot
19,155125eff6270d14ae62b26c85f15ce3,37.3429973,-121.8888891,SJ Omogari
20,2bef6d41ec5018bb81726f3e1f59d344,37.3322326,-121.9125165,Zona Rosa
21,98374aab7a1553d232630758717d87a7,37.3319323,-121.9048882,True Brew San Jose - Taphouse & Kitchen
22,ead93e0002db0611076fb2d63f76ce05,37.3391456,-121.8841054,Rollati Ristorante
23,3b360d106be2aeada021d0498be74fd5,37.32086614588923,-121.87627851963045,Smack Burgers
24,62e21ee5590d59c9e7d740bf16a06bd3,37.7630152,-122.4264968,Freekeh
25,2b14980ea8a5986da568e3711ef9cf95,37.76704457969368,-122.39083349704742,GluGlu
26,2e148870409210e664005a58263b186a,37.32911866814779,-121.90457582473756,True Brew San Jose - Taphouse & Kitchen
27,3cfc266f34c8daf3fa59119deca078ea,37.7316566899845,-122.45112150907516,Shanghai Dumpling King
28,b1385ff2e23b82e61c668a9fc8275142,37.80000163118878,-122.26643800735472,Lounge Chinatown
29,0dea2fc1c8cc19369db493d2278fbbbc,37.80696976095594,-122.26658821105956,Parche
30,28754859653e0a656ba53e1fa0ea21db,37.80477,-122.403234,Fog Harbor Fish House
31,eb9c95aaf839b9c7e8b18e68288862a3,37.771762110313176,-122.39843755960464,KAIYŌ Rooftop
32,d057730bd39a7e2c920ff32d19393eb6,37.771058,-122.402717,Rosemary & Pine
33,bafbf8c2ef10271c489e9ab99dc9bd21,37.772300631747626,-122.3930275440216,KAIYŌ Rooftop
34,2c505c45b2e849f1523a243b73a34daf,37.7662185,-122.4310597,Willkommen
35,840924c8e286486604f62ef9c02ef185,37.8717192,-122.2730677,Kinda Izakaya
36,9aabe0cff5a5e7c6b014dd2c163f1ebc,37.778058,-122.2254,Noodle Belly
37,6990760eb8be3fa93313672d7be369e6,37.8072393,-122.2893702,7TH WEST
38,55f0ed0965a5a80f451700832338cd49,37.7752321,-122.2244982,Bacogai
39,726e22d3f8e5b2f3b21230c49aa676c8,37.80874983465997,-122.28328227996823,Good Luck Gato
40,bd6bf51c4defa1eba0c9bdbc8478b3ce,37.8061628,-122.2760402,Good Luck Gato
41,c0c37f106fa8f27da58b777b7681f9a8,37.7440667,-122.4214722,Komaaj
42,446009f5d7c3932df1a0215e04df9891,37.7472996,-122.4114029,Foliage SF
43,caee8a5f24d36ec088093ba35c67492d,37.7436839,-122.4268059,Komaaj
44,bafd382d63b84005dec3dcfc5a326e98,37.745738796183325,-122.42214024066924,Komaaj
45,d63f2433c8e67e0db4df7a87e5fb38e3,37.7478584,-122.4249863,Bottega
46,5a3ef6c03f1ce19c588c078270170a18,37.8297046,-122.2876102,Flores - Emeryville
47,7e709245031d51963a79004362950401,37.8312752,-122.2856333,Pippal
48,ad0fd1e1100453a35d7ce5e5d95e4779,37.7552126,-122.4209752,Bottega
49,d54612ee1577923ef1aef60393aa07c7,37.7518194,-122.4266139,Bottega
50,689893116ddb1b8dfab61c092330b00a,37.7524278,-122.4206278,Bottega
51,96bae776dd2cf75e6ed06895761636af,37.7509004,-122.4274114,Bottega
52,22e24861b62c61aa3c99d47cd90095ce,37.78729,-122.39438,Movida
53,a536696bbab818af37342ac705d5b467,37.7913,-122.399051,The Third Floor
54,cbe0501b53945e1a590ff4484798e0e6,37.7824046019341,-122.43944585323337,NONO
55,6d5e221de84a938a2a813425ddddcf2d,37.31515792998312,-121.89783275127412,Casa Villa
56,679621279b937eda9558ca1ae02f748e,37.31673647849343,-121.91000461578368,Fire and Rice
57,10880ce63c335b9192ecf58992798f23,37.32345133870681,-121.90597593784332,Fire and Rice
58,f15f772b3686c852122d5d2737bb88a8,37.356834352780886,-121.89593575894833,SJ Omogari
59,aef71869dbbdf150a0e6807bc3512730,37.36522655191025,-121.9168147444725,Vito's Trattoria
60,a73276ab34067c112ab469c5107e1d2c,37.83954308266563,-122.2987177222967,Tipsy Putt
61,ccfc6870981cdd44b5a41bdee14e2a40,37.7873267660624,-122.41327822208405,Liholiho Yacht Club
62,35ecc8b9ed527420e102f4f1254583b2,37.75179164525661,-122.40521550178528,Destapas
63,e1217bf29c178d096c6e92ea8dc36453,37.8040367840236,-122.26240932941435,Parche
64,8924b980effba05ac4610a4abd37839e,37.364060462258806,-121.9117319583893,Hangar Bar & Grill
65,718cefa9c37e218744ea0cc193a3129a,37.7700298,-122.4117258,Eat Sushi
66,9beee70db0437cf4bd24078239213bb6,37.36186680025918,-121.90931528806688,Izakaya Restaurant
67,ed898b7f32d290732a31b0b519c1f7e3,37.36767805240811,-121.9187942147255,Vito's Trattoria
68,219cc838b24b5ceb39af7bcd6e6c5e13,37.36085415525383,-121.90683424472807,Izakaya Restaurant
69,4bbdbdf6abbdbb73cedafe47831eafd1,37.796470691622936,-122.4168576300144,Seven Hills
70,0891ec75daf2bf9e823f4a02e21fa9fd,37.870139,-122.268422,Gather Kitchen & Bar
71,193169dbc243a90e9c68e9bd94763748,37.87367621459825,-122.26848721504211,Gather Kitchen & Bar
72,f00345a08621722a4e680cf784706a3c,37.8677892,-122.2658964,Gather Kitchen & Bar
73,2367c9313860a8dbae94ac5045768995,37.8690599,-122.270556,Gather Kitchen & Bar
74,6230d81b26fbf3b08d04f63a436c69f9,37.8524766,-122.2702132,Creekwood
75,65097799f269d187692b073a83c0d4d3,37.8660431,-122.2588044,Kiraku
76,1b0c18aa2600cb61c4dc8594a02f4417,37.8193814,-122.2619284,Limón
77,1ad3234f9bd6b3e93ef20656d9111087,37.8262863,-122.2651002,Moo Bong Ri Korean Restaurant
78,efbe528107bed4defe202f50c2d6f2c0,37.8403643,-122.2644881,Shewhat
79,ab6763b2d94b0eb690addb48b9cf3827,37.8417999,-122.2515349,La Esquinita
80,1e03b246c6716378bd815f00c7a635da,37.84427875399067,-122.251900434494,Saffron Kitchen
81,1736d145e5ef5447a53cc9f100701ccc,37.8444927,-122.261351,Shewhat
82,edd2cf03bfbe6ade0bd14f40ae4b5ece,37.8087021,-122.2699271,Parche
83,df3ca6be81e340c4899ec6ae8c4429e4,37.8113768,-122.2651925,Parche
84,b9afbe24f97e40d2168eed1c8184c07d,37.8013189,-122.2626418,Lounge Chinatown
85,76b57950b5f2a4b0a4821e64bb700e24,37.8426295,-122.267738,Shewhat
86,f848023d531b827a8e7c8c87173b6a4d,37.8396488,-122.2717561,Jungdon Katsu
87,b735b2cab35ea7bdaff9b2ce7413984f,37.79728,-122.398436,Coqueta
88,f64d35757bf16e8af5a408a9c72af91e,37.792251,-122.397086,The Third Floor
89,6c229502dbd727e48d9b7970dabbd21f,37.788975,-122.403452,Delarosa Downtown
90,0794b05a99e808986301411273356796,37.85022187449679,-122.26017236709596,Shewhat
91,e5a34fd23cbefa6b718d20509d1d8bdc,37.33203868095132,-121.8817663192749,The FAB
92,c84aa30b9e135787bd06304d3b4caf88,37.788299978150825,-122.40853071212769,Corzetti
93,36aa8ab83177d5f5beb83685c7f645d3,37.8007544,-122.2748943,Saucy Oakland
94,f83da983e1b1de735ef62006310c76ba,37.8401858,-122.2618225,Shewhat
95,ef3a4e5c05845ca17d2c2db654a2a5fa,37.8357883,-122.2516207,Marica
96,eea0a9aed0f267d94aa702cd52458754,37.8381269,-122.2512714,Marica
97,7e64ecd17d4a2708631d979da3ac4443,37.33279952386071,-121.88385039567946,The FAB
98,a3e415a5d4437c5b8ed58f5620a2acb1,37.7735069,-122.4160402,Yakiniku Shodai
99,25ccddba147690ec254ca9e68d3c559d,37.7737932060887,-122.42123901844025,Kiln
100,c7bb5e8c49bf8b8165f0d7f09d620df3,37.7717933,-122.4337079,Otra
101,e941de3073caf24cb07ee3425c80e479,37.7730627,-122.4390777,Horsefeather
102,e8ac145be6193651c7de9caf2bece382,37.799953,-122.398525,Coqueta
103,d777960e181c3911183b59171cded0a8,37.7614205,-122.4264353,Bottega
104,1a07a9e1057626b3844050832a2581bf,37.7592103,-122.4213392,Bottega
105,d77de46766fff22f98cbfff8959742da,37.7605936,-122.4148171,Bottega
106,1a8541216cf020de1dcf4f90c8fd0919,37.7616343,-122.3906477,Chez Maman East
107,e8061d928a602d4e74975b184f61df6d,37.7567083,-122.421025,Bottega
108,e28f658f5100e41a80d7896d356bc7f6,37.321181834267314,-121.9030898809433,Palermo Italian Restaurant
109,b063f8d6a24fea4eb06aac2817efc46b,37.32601084794081,-121.91232740879056,Lovens
110,4ceb165eadff654c51cd12c1fc44b422,37.774017937683546,-122.4238085746765,a Mano
111,113b9406090fbc8b512ee504634da501,37.7328128005294,-122.43414044380188,Manzoni
112,20506dc0614eddbe19dd917155bae3b7,37.34398467798214,-121.87438488006592,Kali Noodles and Tea Bar
113,e4484b938889737f1687d11b6ff02341,37.330698,-121.888979,Petiscos
114,3933d9199c099118951ac7cf72031c13,37.331415,-121.8932,The Club On Post
115,0cc1f03c89a4048d7b2df21d498bde14,37.329732,-121.901782,Henry's World Famous Hi-Life
116,cad9a547732685a295e62323fd9aa378,37.333798,-121.886943,The FAB
117,7bb8d66fe7b1db88c66142fe3da816c3,37.335885,-121.88566,Hula Bar and Kitchen
118,3e4a340888aa808d7bbae5d2372c06dc,37.333955,-121.877349,The FAB
119,16b5b91495e0c631f87a21bdc3b2d41f,37.834174,-122.272968,Lovely Day
120,48ae1a8e476b68de634e7f103c359b56,37.333988,-121.894902,Firehouse No.1 Gastropub
121,b347e314d1a3b9d27875b46ce3fd7f70,37.7719996,-122.3899698,ATwater Tavern
122,5b3c9868ef64e09442b06df5ce4ef24d,37.78045005996349,-122.43194639682768,NONO
123,d94a66f24de908a615ce0a46f27a682b,37.78749210438603,-122.3982846736908,Bocado
124,448833b358f62bf1d1206c813f792669,37.779046658472055,-122.44729131460188,The House of Hummus
125,515b2fdc0cfb6110776790b85400f062,37.75823842417928,-122.4260938167572,Bottega
126,03cc61af40764524160f132da0f3f681,37.8505777,-122.2781754,Creekwood
127,0a40fbe91996a7ac0b46d34871aa896b,37.73981271734901,-122.42552250623704,Komaaj
128,ff965c7f0bb892bf7053a78b4df24275,37.35288682729121,-121.88604980707169,SJ Omogari
129,49bb4994b8e1aacd936090458544f74d,37.35306166133104,-121.89193725585936,SJ Omogari
130,1d2910bd99e3e2abbe63546c231cfab8,37.77452040113685,-122.4094493687153,Bay Of Burma
131,36460a8c801bc83206f3810f859f9573,37.7765126,-122.4113061,Birdsong
132,d436129450e3a2223972a9b3f7134f73,37.8723555,-122.2664467,Gather Kitchen & Bar
133,1596efd5fa00679aefd3b5d3d1b2ef26,37.866249,-122.2993708,Thai Table
134,0d5e25e4358800e347be5dd9808fabb5,37.8658466,-122.2674431,Gather Kitchen & Bar
135,4a2e731c87e9a1e07ad0f5c8a91efd4b,37.86641794050319,-122.25379943847656,In The Wood
136,9cc649af249977ff781d4b755abd4388,37.87055532905745,-122.27972030639648,Kinda Izakaya
137,569d5c153e5380ea2f286b48217ec566,37.870407115465376,-122.29967594146729,Thai Table
138,af8c8625437ce60d8d247d158945ebd8,37.88022244590679,-122.26959228515624,Tigerlily Berkeley
139,8be5197057004601e172a2eb9bbe1f11,37.87657254910685,-122.26952791213988,Berkeley Social Club
140,02f7cffdcfad5a5d9863c1b70a7eb17c,37.849594967776646,-122.26556897163393,Shewhat
141,ebbfe1c4b86ffc03d3be17ba20a6ec99,37.8465156,-122.2653043,Shewhat
142,6ad0aba1d60a8bba74e69b3c7278acb8,37.81498823042416,-122.2748440504074,Parche
143,4deef404025cb87bec9c395b953cdfd9,37.8513755,-122.2525233,Wood Tavern
144,c2648d0ffed4d1f710ccaf79e9a304fa,37.8005161,-122.2720799,Saucy Oakland
145,8302e5d11a6c84bac27a774de41474f9,37.7973195,-122.2653199,Lounge Chinatown
146,43944ce65c342e60c0ccf1c9f5ec51f6,37.79857210846256,-122.40086898207666,Coqueta
147,60031404d0e98d8de9b6531836dc0888,37.34113203547954,-121.8928438425064,The Club On Post
148,a7d703c1d843d22ee42adb5e6db291da,37.755367132158526,-122.38879501819608,Besharam
149,5ea5e58b4dc5550721049acb54220651,37.72694296622841,-122.40659952163696,Ming Hing Restaurant
150,c2e3051962238764d5e968e6f4544485,37.86906047545393,-122.29339957237242,La Marcha Tapas Bar
151,33424dfd71dd02911d83b5b683e55791,37.771431362921085,-122.40578681230544,Hardwood Bar & Smokery
152,3367402e41d84a3c70c5056e5312bb24,37.72927865173028,-122.39289611577988,Gumbo Social
153,c8131aed6f3df2f78149eb338df66e66,37.8178269,-122.2756976,Parche
154,8ecedfe82a3e35413e8a45da10ace67b,37.8277573,-122.2567156,Mensho
155,891294b26b673dc172e2dc00d96ccf2e,37.3509643,-121.9020161,SJ Omogari
156,7c2a6fcca214cf03806ad50164de0f0e,37.3383952,-121.8807965,Rollati Ristorante
157,a4d58de82f6475801e4bf6cf97ecd387,37.3371223728942,-121.88321471214294,The Club On Post
158,086b31d113c141a26d19612139ad8956,37.78352083526095,-122.43115782737732,Marufuku Ramen
159,fcbb52bd7f4fcf0f57a7cc47078c7ff4,37.78487208436062,-122.40087568759915,Bocado
160,03ec647221434cdad0abf4907706e949,37.32673,-121.8892731,Petiscos
161,55287fdab6af4d37f97e17770b823bbe,37.86996670760404,-122.28653311729433,Pyeong Chang Tofu - Berkeley
162,0eddf1befddc9f3a1264cc05bf1a5e6a,37.8624644,-122.2647911,Fish & Bird Sousaku Izakaya
163,e69e4dce53bdbe1ffe17185ee72fdcae,37.8588682,-122.2912095,Tarocco
164,e526d675e9f591823eb822bebb0630b0,37.8623199,-122.258801,Kiraku
165,780cbaed92260f59e763de62b4cebe1f,37.776619,-122.417385,Yakiniku Shodai
166,23c911eba61c38bd79e4df21cf9a8bc6,37.7770527,-122.4295585,a Mano
167,4e8692f7a9eae9f0575945f02a87ccce,37.77754677017323,-122.43327409029006,Horsefeather
168,98c24c05dd22720e562f0c3590fabfa4,37.77610091264586,-122.4530929327011,Oraan Thai Eatery
169,76f3d32a941219346e34c87820139711,37.780526,-122.390288,KAIYŌ Rooftop
170,074ef2e71ff08fd484f93827ed83dafd,37.775946,-122.4377775,Horsefeather
171,45d4ba912fdbaf0e9d69cf9a1bde9a76,37.7774157,-122.4418376,Horsefeather
172,8846b5e327d73c5c91f52afb03bee796,37.7644783,-122.4025701,La Connessa
173,ca3529cb0093cf568576c95492de5a68,37.7610471,-122.4326417,Starbelly
174,59f57a632668a24ab18d8bc9ff703af2,37.3600013909666,-121.87877833843233,Cha's Kitchen
175,be206c6cb9c61276d1e3b9ad2a0b8060,37.32031582108647,-121.87009871006012,Smack Burgers
176,8521a7fa5b015f5cf91a490ca08e72d6,37.33677476275722,-121.90914899110793,LUNA Mexican Kitchen - The Alameda
177,25b03a236b79e665a5ed9d316388b9cd,37.31128394611736,-121.89632534980774,Casa Villa
178,e14686289c6158d279b29ef56cae6582,37.799207926286,-122.43412166833876,Wilder
179,a39949a03aa488410e33371365084987,37.32096853145443,-121.9082960486412,Fire and Rice
180,604d2b0f495cd7363effb81982012f93,37.3233446905968,-121.91349685192108,Fire and Rice
181,8a8fb99412d0a44f24a97f4862e1b9d4,37.336802,-121.8940901,Firehouse No.1 Gastropub
182,53caaaa3c38e8f655c479672973ef040,37.337391,-121.886995,Rollati Ristorante
183,9e5ac45cfc500231c17fbc5a3709ff44,37.3172979,-121.884995,Casa Villa
184,3eae0d76df97ee93ae21a685af42538a,37.3184498,-121.8831724,El Camaron De Sinaloa
185,32fec07f466d23ac5fa8be2e05d17312,37.352601,-121.905733,Danbi Korean Restaurant
186,a431cdd7c44ec9b167bee9612b5e9482,37.3487586867448,-121.89479783177376,SJ Omogari
187,b5f7d134eef76458bdad1624fc3f0a3b,37.342725,-121.895617,SJ Omogari
188,318839be2a66c41af52177023d7545cd,37.339301,-121.889937,Hula Bar and Kitchen
189,c978d0b507607e5cee77e5fc2e6caa7b,37.332692,-121.900084,Firehouse No.1 Gastropub
190,c65a5430e457385743757320e3fa705b,37.77993,-122.2177284,3 Bottled Fish
191,aca2db0bb7fe57847fca972c91a02f72,37.7837569,-122.2226033,3 Bottled Fish
192,f7b24d5a88d4a5280b0a123465ceeb9a,37.7851915,-122.2343822,Cambodian Street Food
193,cb93a5239ea60f98f07d56d80346589c,37.8113514,-122.2734217,Parche
194,7c15582391754cff6e2573d81f228933,37.3550295822529,-121.90443634986876,Danbi Korean Restaurant
195,35f5a7921e0006fdde8b661781c777f6,37.7504343570623,-122.39044725894928,Besharam
196,b91103a4e638130a1de6c5eea75a0854,37.8312769,-122.2782669,Hidden Spot - Emeryville
197,18ecb3d50f2e42cbeaa54e2700fa3093,37.8409452,-122.2913604,Townhouse
198,f72a227c01e328e88de3e27e883b5a42,37.84052116694969,-122.29352831840517,Townhouse
199,ff03a6199ba2f74b66752643531826ec,37.8419238,-122.2880451,Townhouse
200,cbdeb72b794ae1050a177368bee1364e,37.8467842,-122.2913761,Los Moles - Emeryville
201,5d6e0c578a1ddd55e642440bed2c6cce,37.8384435,-122.2886647,Townhouse
202,0e4da93fd7f3f40a487bcc523ea1e382,37.77523486860597,-122.39743709564208,KAIYŌ Rooftop
203,8aad0378e649dd2464b05c03175ee38c,37.7807601,-122.3949894,KAIYŌ Rooftop
204,b7c325ae70049e4e6f5a3564ec2697fe,37.7719511,-122.4537048,Cha Cha Cha
205,eff2443c5e75c2a2c3a3ab87188227dd,37.78227952975499,-122.40731298923492,Rise Over Run
206,bc2abce263a2f83bb06458da69bf02ab,37.3477119817597,-121.89055323600768,SJ Omogari
207,147f785aa4926a3cabe56c607d6f6e7c,37.77793367006746,-122.3969730734825,KAIYŌ Rooftop
208,d52c0adcc197c7899d056dfd1caace76,37.7963894,-122.3945855,Coqueta
209,28c7a7022b746c9a0f84784300c04904,37.8332935222321,-122.25622415542604,Marica
210,0ad27fbfea7dbf64cba3f6afc153a3f6,37.82669558640968,-122.27179706096648,Hidden Spot - Emeryville
211,d05740e23c0ff3996e6f82112e4bbf64,37.8170154,-122.2717615,Parche
212,77b16a1c03301769253ef32bb442b56e,37.72939320661727,-122.38653659820557,Gumbo Social
213,3962b15d560bc3563bcdd0e638d9f0f2,37.740321776391326,-122.3767840862274,Wok-In Cafeteria
214,42d52309deeefe16d09e98539d8d72a1,37.78292608704408,-122.38792061805724,KAIYŌ Rooftop
215,967a7d65b042ed46b27f0f43ffa5af28,37.78146761537824,-122.45880603790285,Oraan Thai Eatery
216,cf78144e1fe0f49224de5d9886357775,37.3426625921454,-121.87729239463806,Rollati Ristorante
217,3a4f1c6eed8bd54668f9300dc876656b,37.73629587217104,-122.3899698257446,Old Skool Cafe
218,251e5569c29684642d8e0c8462446b87,37.77948760924334,-122.4631418287754,Oraan Thai Eatery
219,a33259544fdf29498c75150d70c4cbae,37.73309280990925,-122.39097297191618,Gumbo Social
220,ca5e6d6274db743fd9930b284eb903a9,37.7737172,-122.4116467,Azucar Lounge
221,5cf229224ed4bd986fae2273573dbc6b,37.77787007022392,-122.42295295000076,Teakwood
222,459b3320afadd43ccb25acb82163c335,37.777609310293336,-122.4546217918396,Oraan Thai Eatery
223,b7d2d18241329be106efbcb2dd3fa13c,37.3655356585599,-121.86796635389328,Cha's Kitchen
224,e7f4f5e18462680f3ab507c2dbd889a7,37.32412595115088,-121.89971968531609,Palermo Italian Restaurant
225,c9e4c1e83ef53fe6270ae6bda8ba1d8e,37.30901407427592,-121.9000107049942,The Table
226,84be6cf420cd87e93c445a72b0368b99,37.80936861213485,-122.26795077323914,Parche
227,7dd88dc392143af2bf399341cb327d01,37.33802231313689,-121.91947817802428,LUNA Mexican Kitchen - The Alameda
228,05c88a5c130147a66fe2745f53dacc37,37.338468014146,-121.86652064323424,Kensho Social
229,4e4a339396983190a0ecaa5c61ddc18c,37.796248,-122.279352,The Fat Lady Bar & Restaurant 
230,bb29347739d341f12609902860d0f408,37.333677122859896,-121.90861791372298,LUNA Mexican Kitchen - The Alameda
231,c02f376ce247c2d13e7c83960210cddf,37.788568914161615,-122.43540108203888,The Snug
232,9b4875d1e3afe31dbbc63bebf073d004,37.77122901793374,-122.40088641643524,Rosemary & Pine
233,07baaf6053a8f6bbd3820c137207c915,37.78071988575564,-122.47610360383987,Lokma
234,0fac71620fa19bbcbe3224593ed06c3f,37.781130551698666,-122.44737446308136,The House of Hummus
235,5d6f80bbdf9b483b9e3a78830df93e19,37.778486986397496,-122.45864510536192,Oraan Thai Eatery
236,8744f3ffea155dd0b5e223031ace4513,37.800496036682574,-122.41088703274724,Sotto Mare
237,42bc17b335a9a5a1535de0e479de403b,37.781840715520495,-122.46763586997984,Heritage Restaurant & Bar
238,1d84d9515239d01be7d4431cc9ce5728,37.33867060463943,-121.89564406871794,Firehouse No.1 Gastropub
239,ea61a83a34b04232f0247391ec3ae2e9,37.8584732,-122.2532529,In The Wood
240,73f8aa6ec3250de2a02cc0763f5a19eb,37.37111641335901,-121.88133180141448,Upper Lounge
241,7a10659bcb8e88d97a98531df0dcd2be,37.79080303242391,-122.43259012699126,The Snug
242,6fde6bae495dbd16f6cacfe31de263c6,37.77666378283064,-122.40790843963624,Birdsong
243,dd90adb9ef523d88e8ffcc50c1bc2c47,37.8361823,-122.2871801,Townhouse
244,4e3d30015e2540b96ddcfc11dcc42643,37.34759257443888,-121.89966201782228,SJ Omogari
245,aca4a61933705a8f547227c4757e10cb,37.35090179274617,-121.89584255218504,SJ Omogari
246,5e99ac28f681fbc2c1b49ad2c41a525d,37.76578298679633,-122.45763659477234,Savor
247,63c1d64d1de2d99f101592fb22afa728,37.326282324105776,-121.9049111008644,Lovens
248,14a97c92c9427a9c2b254f07ae442ddf,37.343208488473465,-121.88438951969148,Rollati Ristorante
249,4f4826a69b734f19e27008bfa1177585,37.7258897887525,-122.45244383811948,Go Go 7
250,0d8525708edd96daf05c39b671e8889d,37.76343361023245,-122.46406316757202,Savor
251,df88c2e9c068b1f96081442b6cb639d9,37.76393402521409,-122.47065067291258,Kothai Republic
252,be51642c8a13488ee2d0f79cca2d6307,37.75770404149008,-122.39188492298126,Piccino Restaurant
253,2ce729f9d95e9007a9069c8e0d365511,37.800459411713945,-122.24745869636536,Mama Oakland
254,ca0d2445e913702b584e668333dfd3d4,37.78243851977672,-122.4653774499893,Heritage Restaurant & Bar
255,b897eab1a16516ea4c47640297cc4409,37.78068,-122.450012,Prik Hom
256,0c7d51b231f5c05163176b80b5c825bf,37.804648,-122.402087,Fog Harbor Fish House
257,cbf173b581c32be79916dd0efa8472f0,37.8335577,-122.2674183,Lovely Day
258,dab6dfd8dec75e57a81fde7f12d39510,37.785111,-122.477667,Pearl
259,c859a624e28f1e670e9b7f8b2276c934,37.781722,-122.492844,Anh Hong
260,1a4ced4bb87081c0a92db3f014c92d19,37.79762790889688,-122.423534989357,Ollei
261,eace607a9b4ea4ea7b9fe0e5c17b04e7,37.78657849953654,-122.45342284440996,Vixi
262,63816efc067878fdff9a0d2a38531268,37.8539069616438,-122.2896981239319,Spoon Korean Bistro X Kawaii
263,363a2381ec0d75a658698918d68d0edb,37.756808,-122.405943,Waterfall
264,a9af746a9f25302bc6e438d12b4171f2,37.772954,-122.509071,The Laundromat
265,c6819c29250a339afc80c325c09cfaf2,37.7632417,-122.4306746,Santeria
266,059af05c37addf83badc457996fe45eb,37.3302641,-121.8977018,Serious Dumpling 正经生煎
267,a8ecd18d2c44ea14d8a396eba32c3fcc,37.8388,-122.258732,Marica
268,9be7e0050df8db9c65bee11853497d9c,37.86012459911685,-122.2693844139576,Fish & Bird Sousaku Izakaya
269,3f5c0437929a0f6dbc32f116850a4196,37.8045623549303,-122.27173805236816,Bocanova
270,a6b2ae23c98c47b86a9e84062ea5c3ee,37.79801364395978,-122.40595042705534,Sotto Mare
271,7ef616860128f1e359563871f977c210,37.72828159245282,-122.4506950378418,Ocean Ale House
272,dbd21ac9ae9f5cd34c4980b4f103b550,37.7976728,-122.2629973,Lounge Chinatown
273,501383f10b2cb7bd652149a50b5418fc,37.8107432,-122.2914153,Kowbird
274,1372941b523f4ca92d4bfee7ea85ac95,37.795913,-122.255547,Portal Oakland
275,e9d82f4d2f1525cc654976f3fdf7f45a,37.816073115011406,-122.26788640022278,Parche
276,02744ef00b430de0440ab88ecff71b2d,37.795194764385954,-122.27396965026855,Left Bank Brasserie
277,f113253f2f20870c00c7f115d631304d,37.8123315,-122.2851712,Soba Ichi
278,08a97d1e8daf245e4fc7f5f3ab162213,37.77415256430236,-122.21239820122716,iLava Hawaiian Barbecue
279,0d33649125be2d062ec29061a27f700e,37.781123,-122.2329915,Tipunan
280,d9f54ff90ab5ebf7383dd6a8541d48f1,37.7927143,-122.2487796,Lemon Pepper Vietnamese Cuisine
281,ca8eeb013a7c04731be820a3205b8347,37.794396,-122.253842,Portal Oakland
282,1756b8a7b00189ed5c04a3171959e3f7,37.8160598,-122.2782444,Good Luck Gato
283,182f517a38db07df6b2fcc8ac0da3617,37.79013985185364,-122.24237322807312,Cambodian Street Food
284,ef1e16d2e298bfbc6724316dc9f2c3c8,37.78381270927812,-122.4345588684082,NONO
285,f18e0e4c80e5eb999f88608c3ebd3e90,37.79416044174933,-122.42156758904456,Ollei
286,5d6369a9f895ab6203a6dcc3c0fca46d,37.781981687527214,-122.43576988577844,NONO
287,af277a4997575219024a717b9bade2e0,37.764285,-122.4318042,Starbelly
288,f1fd7bda2e0a3cf1900d275f24ff94ff,37.7670373,-122.4154425,Picaro
289,e4057435753640b4855f792619c151dd,37.774814,-122.418954,Kiln
290,26993f6ad0a30df7cc33bedb8efb5590,37.788032,-122.395626,Bocado
291,794cb9426661fc4ba684c6a147f4ea92,37.783973,-122.442878,opa cafe
292,df3286fb70521afe8b7c68681e57f777,37.780949,-122.456303,Oraan Thai Eatery
293,632b45a2c2a023d1f96723878028518d,37.77779057034257,-122.40643188357352,Rise Over Run
294,6b13e6fa1252c733e32fdc7b13cba255,37.775522,-122.498498,Oodle Yunnan Rice Noodle
295,d97742ffbfb3863990d07359b7bdeb46,37.8238474,-122.2811926,Hidden Spot - Emeryville
296,68a14ad0d601717764086eb2d3c5f071,37.8002135669698,-122.25381016731262,Portal Oakland
297,3df46ea4730fd2f6a4f92007c9369299,37.78389935708493,-122.4084448814392,Rise Over Run
298,22041eb5ac70f045466f45b5f7c7cebd,37.76328094058097,-122.4073773622513,Lost Resort
299,fdfed17363937bd17e69bb5f32b67257,37.72238229348268,-122.44380980730055,Gentilly
300,a8473b935036a67569f58bc142608de6,37.73017446887281,-122.43289589881896,Manzoni
301,8b0eb4e5f5c108a52011cb111fb4c008,37.73890064447666,-122.38952457904814,Gumbo Social
302,c75e0c6b2fcb7c59d7c812600d5858f5,37.766594,-122.398198,La Connessa
303,6d41d45711456aef7f31b60c4f9d2fa1,37.7802645,-122.4066435,Rise Over Run
304,66f097190aabf98d9637e274b9d12265,37.775681,-122.494064,Oodle Yunnan Rice Noodle
305,8c6c32e76ed11f76a547517979e5a5e6,37.7819295,-122.4827855,Pearl
306,27c3e9e59901b5ef2bc26957ec7f3951,37.8023,-122.4244135,Ollei
307,713585c7fcbdca5115f70c1af67663a8,37.765942,-122.449228,Beit Rima
308,af18ee4922a37e2285a08671590d140e,37.7864555,-122.399749,Bocado
309,7071418d19cad4ca32c3343afb0da740,37.7646845,-122.4199265,Barberio Osteria
310,736fc2875818c9c987f51ec384edf384,37.763333,-122.4220555,Picaro
311,707f7090c1a175cd64f234c9ae512ec1,37.7370395,-122.3944985,Gumbo Social
312,39ee44ea71e662e83149eae893414fe6,37.784419,-122.439361,NONO
313,2d5b0e85ca198e366bd3fd61f459b981,37.740048,-122.3834355,Gumbo Social
314,bfa38a76bddc6582afb8464350f47c61,37.7703135,-122.3912365,GluGlu
315,b5191acf6c3d6a359cfec040ebe89bf7,37.768227,-122.420359,Freekeh
316,19f34b48933b42de614327cee335bc6f,37.7661,-122.4266585,Freekeh
317,4fa77307be791fef2d10d4d831f88415,37.772219,-122.419976,Kiln
318,586c5cb8082289a2f53eab0d1a2dbf4a,37.750945,-122.4120835,Bottega
319,fff91ff985e5954b8b94e603a44db763,37.7914015,-122.391038,Waterbar
320,f7d2be8a428dc633c63ee68f69424754,37.787332,-122.3881105,Movida
321,e9946e14a1f7f45c1e0ebe5b542c6e24,37.8044325,-122.433523,Radhaus
322,101f0875b692a1f552e86de5c0a917f1,37.774804,-122.446649,Bistro Central Parc
323,a799975c42155f6b266b5d32586aaa97,37.7603435,-122.387449,Ungrafted
324,d46af557385e4a2286fdc3640f7d48a2,37.769263,-122.407054,Hardwood Bar & Smokery
325,f3610d0f5ffae773c0fa96f65b8d409d,37.8026635,-122.4360635,Jaranita
326,0b48b03d8342258399d9bced9a3ae503,37.769244,-122.4269645,The Rustic
327,f70db66502b4796997b8bba176c51dd0,37.769818,-122.4291485,Beit Rima
328,a88bf5305774cc6c645ab2d1822fcd8e,37.7895875,-122.440683,The Snug
329,9d87d3a0de545c12ed881712d64dad99,37.7866115,-122.4500525,Vixi
330,89c279924b0a3ab2d27e3467fed4c212,37.775328,-122.458104,Oraan Thai Eatery
331,f3005d50220aa753c49f411e3b76e170,37.795402,-122.4046885,Sotto Mare
332,0fdcfff2f1478e0e5a30f3e314103cea,37.7942465,-122.402855,High Horse
333,4dcfbaca6724925e3c8954925922392e,37.794525,-122.3948805,Hog Island Oyster
334,4483551f97cfd276503daebebdd3aaa5,37.772354,-122.4358575,Horsefeather
335,aa0e5a1dd757b3c3bf56a453d2991fd4,37.759162,-122.4100475,Lost Resort
336,f7897e831ad97c2fa5840e08da6bfaeb,37.7785885,-122.392553,KAIYŌ Rooftop
337,6332163be54553da8f095c4fb801c725,37.7763115,-122.394495,KAIYŌ Rooftop
338,7952c04aad8b091ffb0455792174bf01,37.730079,-122.3988045,Ming Hing Restaurant
339,e7e40470c749afdcf9f32d8097472c0a,37.785876,-122.4089225,Rise Over Run
340,070137572879ff5807c0b7092e81cfac,37.764965,-122.3990255,La Connessa
341,34fc2deb07ec971cc936deebee9d6435,37.764794,-122.3947595,Chez Maman East
342,3fc45088ab7916d9c0dde2a509a40958,37.7645435,-122.410349,Ernest
343,9e7245a7f1c5faae54bc2b3a62cc2f6e,37.7648385,-122.420141,Picaro
344,36a236e6b9604e51e8d5fd525775d7c0,37.780364,-122.4728095,Caliente Bistro Kitchen
345,bb693a5b9de4a21a17519b20070bff77,37.7751205,-122.464998,The Richmond
346,52f32ae1f330ff50af83895a28ba2215,37.8098236,-122.2801923,Good Luck Gato
347,7f4a909e098fb6397beb2a26d0f8661c,37.773238,-122.399998,KAIYŌ Rooftop
348,0cf18ec4823b9cdecff532d3bdd14928,37.770519,-122.442326,Horsefeather
349,4cd2b4bfdb2c468ec1fe6574fb2ffaa0,37.72095,-122.478859,Mumu Hot Pot
350,4e07771716c0d80c636ae4877dd497a3,37.722001,-122.482735,Mumu Hot Pot
351,5289ffec013e1219c33bd45627d6cc15,37.731085,-122.476163,Bay Pocha
352,17468bb5d5f9880c081fd67d02762c04,37.775211,-122.511208,Beach Chalet Brewery and Restaurant
353,f8a8b70e16e4e36c77cab3d32886e671,37.71616094545787,-122.440105676651,Gentilly
354,43f0ae83504f3d5f0a3866f86f7981fd,37.783176,-122.393378,Movida
355,7355d2865f4ab7430c4fccf859e70d74,37.808715,-122.2492512,Mama Oakland
356,acc0686d1655e283c3fd8e56bf11dbb1,37.7851994,-122.3962173,Bocado
357,fdf5f4679be9ae94f860552ca46a2648,37.7840775,-122.411926,Rise Over Run
358,81743daa45d7537f3516399929314c40,37.765429,-122.42189,Picaro
359,7d3b620f6bcf01c82cbcc4d38dcb9af2,37.8689109,-122.2587857,Gather Kitchen & Bar
360,c917d243667759fcfcd40ad6e5f094e3,37.7476755,-122.420215,Komaaj
361,0352198bb64490fc09c2d7bfd2604bcd,37.78646613354221,-122.39871607983105,Bocado
362,c6e8c3120ecdec6385cc3ae4a8350d9b,37.7896195,-122.400808,Delarosa Downtown
363,61899ad7362b9fd85580c8a4b01512f8,37.790296440371655,-122.3938751220703,Prospect
364,ad26540e1125e68ab4879dc6fae3af6d,37.355692651246365,-121.89225107431412,SJ Omogari
365,65134e1e5e8d3b200c458d533e7d544c,37.8027671,-122.4132756,Sotto Mare
366,3841fc554143a337540447bec2f0fdb5,37.349426308788,-121.8876188993454,SJ Omogari
367,0267ea932e83058a086f124bb3201e01,37.770282,-122.4154585,Rintaro
368,8062a6539108d66e12358da13f13edeb,37.7692231,-122.43406206015258,Otra
369,48ba123e5a33a970f0997479f9794db3,37.7685449,-122.40423738710535,Rosemary & Pine
370,4f47b8bd185f009310de3cfb7485fa33,37.83575,-122.262654,North Light
371,b46fb6a16744722ffa62b1ce67e39c24,37.837369,-122.267656,Lovely Day
372,d66319981ad69928f023203bb7187706,37.7735622,-122.4425712,Horsefeather
373,c5e47b7f70b288a5380083f24ea161fb,37.802688402040665,-122.26914636790752,Lounge Chinatown
374,4083ecaf02c77e52e231c6b0722799bd,37.80717108096738,-122.40927904844284,Fog Harbor Fish House
375,603633a3090a33202ead9a738b2769d2,37.797249,-122.427457,Ollei
376,b1ac1179990a85f48f10858c0c955f25,37.7587,-122.463774,Kothai Republic
377,a05fe47c9fd8c5a7b7a26dd493c432e7,37.806929,-122.411536,Fog Harbor Fish House
378,2a8959c3baaa195b792c530d7f9dd6e5,37.805442,-122.42313,Surisan
379,a5bd8d2ff1e04067ac03bc476dc774e6,37.760278,-122.419074,Bottega
380,53c34886b92d0727ee65c8fd129c34bb,37.7228179,-122.4472364,Gentilly
381,5f9edd66e1542839db53015eca6c8a07,37.7861375,-122.405234,Delarosa Downtown
382,b883d49e7f389097a81bf73b17acc46c,37.78709359600294,-122.41670072078703,Liholiho Yacht Club
383,fda7185b4c97e338faf660d39aa119cb,37.8753207,-122.2601554,My-O-My
384,7e5268ba3d954970d713adc1dc286182,37.782574,-122.442203,opa cafe
385,c91d4150a09e136d5cca66643c9f936d,37.8020552,-122.4017154,Sotto Mare
386,68d800de7c6b093ac2340d6bab986410,37.7822586,-122.3914651,KAIYŌ Rooftop
387,ef28178bdcbbd76da0a630ecba6555a5,37.8494355,-122.2525406,Wood Tavern
388,7f25a5477bd79f776a9078c30f768517,37.8051895,-122.29461686454056,Jolly-Jolly Coffee & Kitchen
389,fd03c3ceeecfe485dd0cdd8ef72f8e69,37.7690102,-122.4222482622354,Burma Love
390,ded85e8cd7b30115d3ffec9b0777fb50,37.82246767714513,-122.26597130298616,Dan Sung Sa
391,c6056f5b51537a2dfd4bf1538444e335,37.324414,-121.88078,Petiscos
392,0ceed296dc7ef21bc6dc3999e23db576,37.3364659,-121.8766132,Naglee Park Garage
393,398065f9acb4e27da84e4e78ed3de99c,37.805376,-122.437261,Radhaus
394,0167c2413c3487d67d1dd7d906389959,37.7637348,-122.41552403555308,Base Camp
395,625d6b7f33c6aec660a79f1afeaf3c30,37.7811944,-122.3999862,Bocado
396,981f5cc5c2c79e96e101c3c20cd56213,37.7788325,-122.4181591,Yakiniku Shodai
397,1a53a1426ed4935f80f5865b7d2d676e,37.778799,-122.4159632,Fermentation Lab
398,d0a123ad15c1a36560424772600f87dc,37.722601,-122.3922705,Frank Grizzly’s
399,4a3745a8d75f6261405f5e9a1b5e8f0c,37.3398531,-121.8636494,Kensho Social
400,4a766283f8c81155d42781201794fc18,37.80028668467315,-122.42578603327274,Ollei
401,5edf73914cb05d5a4ba7f03cc573a2e5,37.792979854977766,-122.4233016371727,Ollei
402,e7383e730f9fa46419cd5e84fcea3a88,37.8285951,-122.2663493,Moo Bong Ri Korean Restaurant
403,74eca875c15c9468d4dbcece710bc596,37.33116799422201,-121.88693761825562,Petiscos
404,78af524c0f2ab327bf75ca1bee9d1e08,37.767256698389865,-122.40032913185132,Rosemary & Pine
405,700a9ce7584edef750fd2f8481a9c802,37.7870025,-122.420053,Ben Thai Cafe
406,b04f626c4d402aefbecd84d326e5fd55,37.7737524,-122.3914274,KAIYŌ Rooftop
407,5f212a36c28e610e4e579916b4000dfb,37.7971765,-122.4036272,Sotto Mare
408,168084f0f6ef878a07cb0049fd00f52a,37.764783,-122.3908972,Mission Rock Resort
409,59d793b5df7d636956033d6eea577230,37.791966,-122.429315,little shucker
410,b815170d0444b1b5cc5f6746d98c31f3,37.7981975,-122.4474145,Cote Ouest Bistro
411,8abfd40237f50ff2362082bfe32d8edf,37.788048,-122.438812,The Snug
412,af494e5a9e2088b870da22baaaf0e15b,37.768872,-122.3911087,GluGlu
413,b98c3de69eaf29844c9732daec3d6ff2,37.750506,-122.4339496,Birch & Rye
414,51210c5c24903a6525cdfaec38109ec9,37.7965927,-122.4556884,Colibri Mexican Bistro
415,fc34cbf70e34346806c43b6579117bc0,37.799676,-122.452599,Cote Ouest Bistro
416,df9c9c79952699cc041118a331ea9cc2,37.72489268384971,-122.4432384967804,Gentilly
417,5dc0d98ea835b4c9743d4e2cdd515dde,37.726266,-122.479462,Ofena
418,97871d03b345e3aa1de1dbed3640b700,37.725603,-122.476561,Ofena
419,e427fa5d07c952f21297dbd9c7693407,37.723426,-122.455102,Go Go 7
420,1a71ef24deb93ea8024083bb3f0ed6c2,37.7273951,-122.4354739,Gentilly
421,9e198bfb3768336d1059c0b7dc3551fd,37.776598,-122.395282,KAIYŌ Rooftop
422,9c81093a3f86e1cc41f46b1838f6393e,37.76352708498452,-122.47949242628238,Mini Potstickers
423,9b2224a1373751614a6294525f64a9b5,37.825785004382006,-122.25346968515623,Mensho
424,daa8d15a7ecea64fbabdca15956a2f20,37.82268385945021,-122.27292420364392,Hidden Spot - Emeryville
425,b949f871161f40eb2949854a85a0472a,37.31975695999228,-121.89299941062929,Palermo Italian Restaurant
426,d671d6957e264a7b085310cc05298930,37.77583378631289,-122.40269154310224,KAIYŌ Rooftop
427,6e78a70d9191e84c4e42094f11cc1a03,37.79917511263459,-122.44272915651892,Roma Antica
428,f6c781054ead7bb20ebc00b4c71df148,37.36508806048156,-121.87161205351002,Cha's Kitchen
429,338a6ebbd36aadefe8e02fe32c0cbad0,37.7930958,-122.3988357,The Third Floor
430,db74e777cff989d3092874407066be1b,37.78970984996185,-122.40548387640956,E&O Kitchen and Bar
431,1ec14f81aa8ab53a816605d7b4e95718,37.7724385,-122.4039235,Bellota
432,673e986859c497d19910fb855d883df7,37.82352279021405,-122.27718830108644,Hidden Spot - Emeryville
433,a1e040b32aa8e99ec1bf2f45df9f21e9,37.7717667,-122.3866885,ATwater Tavern
434,8d7a98f0ca21bd4480ed0f4ef325deb7,37.73065542923656,-122.4443047517252,Manzoni
435,30e0fcdd9de72e8344b6289760bb788b,37.75016713801581,-122.38654196262358,Besharam
436,37b6933a84b09d2210c7d8e02b0ca24f,37.803968,-122.455079,Dalida
437,6031193f19bd40cf2b23f30885bac302,37.80175010159663,-122.4563633604339,Dalida
438,b8644a87f64a3672609640fee7a2adc2,37.725372,-122.393954,Frank Grizzly’s
439,f69e56899850a97f22c2c773f7f298bd,37.81258108581741,-122.2685730457306,Parche
440,7201ad6fe2a1e03ff9ea5749d84c354d,37.80303013575619,-122.27049618959428,Lounge Chinatown
441,1feac469cb3c80737bac815a7a5ebabc,37.78899099599619,-122.3922550678253,Prospect
442,3ed879a85fa1fb4c29cb8fae8aaf6ea2,37.76909488728109,-122.38633275032042,Mission Rock Resort
443,e39f47e22d92b577730c9775a91ada5f,37.82489252995112,-122.26043654610294,Mägo
444,dc67baf6606c0c454dcc83620d2c2c68,37.7892792,-122.4450687,Routier
445,1edf61345559602d4fdbe99ff0435d6d,37.85760774739988,-122.26160466670989,Kuboba Spot
446,bb24af92bc9bac069a94fdfb41416cfb,37.771134537078765,-122.44534134864809,Beit Rima
447,7bdc5767ed0d5584df3a881a0f14d8f4,37.74207523594424,-122.38660231232642,Hungry Cafe
448,4abc42e82f8ded5c57afb682b7cdb3d7,37.7688065330825,-122.41349816322328,Rintaro
449,c00825d99ce3a531a80181f00591df1d,37.8356703,-122.2811258,Jungdon Katsu
450,808403b6d452824362356cade06f780c,37.785479,-122.419342,DACHA Kitchen & Bar
451,9cd844a2550061d3844a92096a4d813c,37.787963,-122.3918085,Movida
452,b6711ddae98be23ce743e6d9639a906a,37.77599270441184,-122.39300568626936,KAIYŌ Rooftop
453,afbe353b9aed12eef5acb85e441d69d1,37.83353887161604,-122.263693665756,Moo Bong Ri Korean Restaurant
454,d9de41e1c87470529dcbb1b43bd76eaf,37.8063553,-122.2860187,7TH WEST
455,99889922f5848c7ca3e2c2f740cebd9f,37.7543047,-122.4785927,Mama Mu's Bistro
456,9988c535057533619fdb58b42055c6fa,37.7540396,-122.4840403,Mama Mu's Bistro
457,0f792274b026e9a847cfef3872a3fa00,37.7539295,-122.4883438,Xian Bistro
458,813512459d9c9f8a7291e00a9c46e467,37.7628993,-122.4953893,Damn Fine
459,a8ad4be2133b3245c07419ddb7684eb7,37.7626492,-122.5007785,Damn Fine
460,c3288c5dc8fec444070c4aeb739f23e8,37.7589001,-122.4951291,Damn Fine
461,ba68e968feece64c5ae1449160642bd1,37.763874,-122.509526,Hook Fish
462,2e1a346200097628f0f01d08478a319d,37.752809,-122.504261,Outerlands
463,91bba2bf0246d6623c164d42c47736e4,37.76372118411808,-122.4753742486682,Golden Crab House
464,df10df40d6e917dc5950502045c2c6d8,37.75699964338489,-122.50255097589334,Outerlands
465,2d86977182197367c646152cca0e821a,37.75300468614256,-122.5085402813285,Outerlands
466,9a18b71be61bcec4e11553e09ff2911e,37.751471937685125,-122.49855753927037,Outerlands
467,9acfb5cd8e156f410d3463f9a42afc72,37.80445377683579,-122.41579377360824,Surisan
468,a7154dfcba68b868867b64a11d8a7a56,37.74058873182711,-122.38908866713396,Old Skool Cafe
469,cd7a5ce186d9176b083cd322482ef36d,37.75173717215301,-122.49560004673242,Xian Bistro
470,3d313d16cad18a25bd406bfaef335b65,37.774256,-122.40185,KAIYŌ Rooftop
471,2fcc4197d2f7cdce6cececa4496ec514,37.78384421884662,-122.390002088434,Movida
472,366a420aef7c94bd8bcbe1e6557d2f1e,37.785359635574224,-122.4318015575409,NONO
473,c0a9bd7193ca3e9de37807ec58cc08d8,37.7824146203997,-122.40019999757254,Bocado
474,e11fc22c0e5448c0c115dfeca7a6f506,37.78235803304849,-122.39312995744228,KAIYŌ Rooftop
475,456bf3370b191fab5745567356a8423f,37.7423139,-122.4231805,Komaaj
476,f90fd0c728ade1a5f3ca0327f3f7eccb,37.34648029372904,-121.86856960181206,Goulart Sausage
477,c8eb138910e36025b0efee10ac872b06,37.75488391783665,-122.42564865054452,Bottega
478,0129b835b33f6afca778ebfb90453aad,37.780805727779445,-122.42190607010215,Teakwood
479,ca8bbd40ae8b3beb63c5cc63a1c73a0f,37.8559558,-122.2597949,Kuboba Spot
480,3649abee4c69d3d77dde28e45178e28a,37.80330737378947,-122.41489757374517,Surisan
481,936e00689968a8d14dc94153aa959f3f,37.7896297,-122.3903352745212,Prospect
482,a861792de6f7790503849a5227a1f8c6,37.758862,-122.412544,Mijoté
483,66d26936d43ac2f677f522354e3ef5a5,37.7638471,-122.4130036,Ernest
484,018bfeb8a511bb60ffbb0cab866667ab,37.7642245,-122.4673775,Manna
485,4e1430cadb362b419ab9c7b98552dc47,37.7974387,-122.4339891,Flores San Francisco
486,70369211f292150a6b4ee0dca590e273,37.759211,-122.4367975,Fable
487,95814ccce398155f5f015f98691997e8,37.7762475,-122.4262025,a Mano
488,8bcaedd0aae11bc0ca98eaddb741e0c0,37.8738556998122,-122.28298832384976,Pyeong Chang Tofu - Berkeley
489,fa32d245becfeba6d7b6034133e59d95,37.75199174291808,-122.4189799743526,Bottega
490,ad6ea721fdfd2adb019b94851cd867fb,37.773587,-122.471357,Noodle in a Haystack
491,d1e2c9dcb40601ed84bb807ed68dd855,37.78244163642955,-122.47198741577115,Bento Peak
492,a8f100ba778a83e476dfe8d534b9b84f,37.77756936716073,-122.42656908597016,a Mano
493,e27d0571f6c72cbccd366407f81ec2c9,37.77344259318636,-122.42715750770115,Dumpling Home
494,b7988dd90281c6ada0a09909480e8413,37.805454,-122.413668,Fog Harbor Fish House
495,8e711e8b90789c76e17e55c44e975fc1,37.7810737,-122.4117382,Rise Over Run
