Bike_Id,City,Bike_Lat,Bike_Lon,Free_Bikes,Empty_Slots,Total_Bikes
d0e8f4f1834b7b33a3faf8882f567ab8,"San Francisco Bay Area, CA",37.849735,-122.270582,6,9,15
983514094dd808b1604da2dcfc2d09af,"San Francisco Bay Area, CA",37.33618830029063,-121.88927650451659,11,0,11
da17603652106fda93da4e255a5b0a22,"San Francisco Bay Area, CA",37.322124625448566,-121.88109040260315,14,7,21
7a21c92b3b4cd2f7759107b4fdebf869,"San Francisco Bay Area, CA",37.3236779,-121.8741186,11,4,15
ce34d38fb230a23c1ced12d1e16df294,"San Francisco Bay Area, CA",37.3259984,-121.87712,8,19,27
a3b487ad4ac93ab3e9f9654f87ed8c1e,"San Francisco Bay Area, CA",37.3229796,-121.8879312,17,2,19
b4b0088fb4fbb4587cad9d89ddc092cd,"San Francisco Bay Area, CA",37.327581,-121.884559,10,17,27
d576652cc151c23d6ec52b8454429d47,"San Francisco Bay Area, CA",37.3327938,-121.8759263,13,10,23
0a24b6ab9ca6684780b6682901b3c680,"San Francisco Bay Area, CA",37.3448821,-121.8969655,12,6,18
a4b234ab072402cbfcbd5e306588d9a9,"San Francisco Bay Area, CA",37.3413348,-121.9031829,15,0,15
c7d58812e5bcf9183e20ec387d0386a9,"San Francisco Bay Area, CA",37.80781318217903,-122.26449608802795,3,26,29
ade8fb7d8bab829cc6b2b752c02882ff,"San Francisco Bay Area, CA",37.8110807,-122.2432677,9,6,15
3a9baba8738c921ad820add914d8d365,"San Francisco Bay Area, CA",37.80889393398715,-122.25646018981932,8,15,23
8870d1c76fa018d1758fad83f2be5237,"San Francisco Bay Area, CA",37.8305452,-122.2739367,12,3,15
a840a66dcf537eb53ff86c7ed469f491,"San Francisco Bay Area, CA",37.8302232,-122.2709501,9,14,23
315bd655b7cf06f4cf2e3c78879043e4,"San Francisco Bay Area, CA",37.8127441,-122.2472152,13,6,19
c58c5e00d5caeb09fab3509a349ac2ce,"San Francisco Bay Area, CA",37.85578332030199,-122.28312671184538,10,9,19
55389695e3090fea977edbe85a0b7dfc,"San Francisco Bay Area, CA",37.855573661828785,-122.26356536149979,2,17,19
81cc789c1070340c1930450769536ea2,"San Francisco Bay Area, CA",37.8575672,-122.2675583,2,18,20
155125eff6270d14ae62b26c85f15ce3,"San Francisco Bay Area, CA",37.3429973,-121.8888891,11,4,15
2bef6d41ec5018bb81726f3e1f59d344,"San Francisco Bay Area, CA",37.3322326,-121.9125165,14,9,23
98374aab7a1553d232630758717d87a7,"San Francisco Bay Area, CA",37.3319323,-121.9048882,3,20,23
ead93e0002db0611076fb2d63f76ce05,"San Francisco Bay Area, CA",37.3391456,-121.8841054,5,10,15
3b360d106be2aeada021d0498be74fd5,"San Francisco Bay Area, CA",37.32086614588923,-121.87627851963045,18,5,23
62e21ee5590d59c9e7d740bf16a06bd3,"San Francisco Bay Area, CA",37.7630152,-122.4264968,13,9,22
2b14980ea8a5986da568e3711ef9cf95,"San Francisco Bay Area, CA",37.76704457969368,-122.39083349704742,27,6,33
2e148870409210e664005a58263b186a,"San Francisco Bay Area, CA",37.32911866814779,-121.90457582473755,9,14,23
3cfc266f34c8daf3fa59119deca078ea,"San Francisco Bay Area, CA",37.7316566899845,-122.45112150907515,4,10,14
b1385ff2e23b82e61c668a9fc8275142,"San Francisco Bay Area, CA",37.80000163118878,-122.26643800735472,3,23,26
0dea2fc1c8cc19369db493d2278fbbbc,"San Francisco Bay Area, CA",37.80696976095594,-122.26658821105957,10,17,27
28754859653e0a656ba53e1fa0ea21db,"San Francisco Bay Area, CA",37.80477,-122.403234,8,10,18
eb9c95aaf839b9c7e8b18e68288862a3,"San Francisco Bay Area, CA",37.771762110313176,-122.39843755960464,0,22,22
d057730bd39a7e2c920ff32d19393eb6,"San Francisco Bay Area, CA",37.771058,-122.402717,19,8,27
bafbf8c2ef10271c489e9ab99dc9bd21,"San Francisco Bay Area, CA",37.772300631747626,-122.39302754402159,2,23,25
2c505c45b2e849f1523a243b73a34daf,"San Francisco Bay Area, CA",37.7662185,-122.4310597,6,19,25
840924c8e286486604f62ef9c02ef185,"San Francisco Bay Area, CA",37.8717192,-122.2730677,12,11,23
9aabe0cff5a5e7c6b014dd2c163f1ebc,"San Francisco Bay Area, CA",37.778058,-122.2254,15,4,19
6990760eb8be3fa93313672d7be369e6,"San Francisco Bay Area, CA",37.8072393,-122.2893702,9,10,19
55f0ed0965a5a80f451700832338cd49,"San Francisco Bay Area, CA",37.7752321,-122.2244982,4,11,15
726e22d3f8e5b2f3b21230c49aa676c8,"San Francisco Bay Area, CA",37.80874983465997,-122.28328227996825,12,7,19
bd6bf51c4defa1eba0c9bdbc8478b3ce,"San Francisco Bay Area, CA",37.8061628,-122.2760402,2,16,18
c0c37f106fa8f27da58b777b7681f9a8,"San Francisco Bay Area, CA",37.7440667,-122.4214722,2,17,19
446009f5d7c3932df1a0215e04df9891,"San Francisco Bay Area, CA",37.7472996,-122.4114029,0,14,14
caee8a5f24d36ec088093ba35c67492d,"San Francisco Bay Area, CA",37.7436839,-122.4268059,5,10,15
bafd382d63b84005dec3dcfc5a326e98,"San Francisco Bay Area, CA",37.745738796183325,-122.42214024066925,2,13,15
d63f2433c8e67e0db4df7a87e5fb38e3,"San Francisco Bay Area, CA",37.7478584,-122.4249863,8,6,14
5a3ef6c03f1ce19c588c078270170a18,"San Francisco Bay Area, CA",37.8297046,-122.2876102,11,12,23
7e709245031d51963a79004362950401,"San Francisco Bay Area, CA",37.8312752,-122.2856333,12,11,23
ad0fd1e1100453a35d7ce5e5d95e4779,"San Francisco Bay Area, CA",37.7552126,-122.4209752,7,12,19
d54612ee1577923ef1aef60393aa07c7,"San Francisco Bay Area, CA",37.7518194,-122.4266139,1,18,19
689893116ddb1b8dfab61c092330b00a,"San Francisco Bay Area, CA",37.7524278,-122.4206278,5,18,23
96bae776dd2cf75e6ed06895761636af,"San Francisco Bay Area, CA",37.7509004,-122.4274114,2,17,19
22e24861b62c61aa3c99d47cd90095ce,"San Francisco Bay Area, CA",37.78729,-122.39438,14,6,20
a536696bbab818af37342ac705d5b467,"San Francisco Bay Area, CA",37.7913,-122.399051,20,1,21
cbe0501b53945e1a590ff4484798e0e6,"San Francisco Bay Area, CA",37.782404601934104,-122.43944585323335,10,17,27
6d5e221de84a938a2a813425ddddcf2d,"San Francisco Bay Area, CA",37.31515792998312,-121.89783275127412,11,4,15
679621279b937eda9558ca1ae02f748e,"San Francisco Bay Area, CA",37.316736478493425,-121.91000461578369,18,9,27
10880ce63c335b9192ecf58992798f23,"San Francisco Bay Area, CA",37.32345133870681,-121.90597593784332,8,18,26
f15f772b3686c852122d5d2737bb88a8,"San Francisco Bay Area, CA",37.356834352780886,-121.89593575894831,19,4,23
aef71869dbbdf150a0e6807bc3512730,"San Francisco Bay Area, CA",37.36522655191025,-121.9168147444725,11,7,18
a73276ab34067c112ab469c5107e1d2c,"San Francisco Bay Area, CA",37.83954308266563,-122.2987177222967,2,20,22
ccfc6870981cdd44b5a41bdee14e2a40,"San Francisco Bay Area, CA",37.7873267660624,-122.41327822208405,2,14,16
35ecc8b9ed527420e102f4f1254583b2,"San Francisco Bay Area, CA",37.75179164525661,-122.40521550178528,6,17,23
e1217bf29c178d096c6e92ea8dc36453,"San Francisco Bay Area, CA",37.804036784023594,-122.26240932941435,6,13,19
8924b980effba05ac4610a4abd37839e,"San Francisco Bay Area, CA",37.364060462258806,-121.9117319583893,5,10,15
718cefa9c37e218744ea0cc193a3129a,"San Francisco Bay Area, CA",37.7700298,-122.4117258,10,17,27
9beee70db0437cf4bd24078239213bb6,"San Francisco Bay Area, CA",37.36186680025918,-121.90931528806688,21,2,23
ed898b7f32d290732a31b0b519c1f7e3,"San Francisco Bay Area, CA",37.36767805240811,-121.9187942147255,20,3,23
219cc838b24b5ceb39af7bcd6e6c5e13,"San Francisco Bay Area, CA",37.360854155253826,-121.90683424472809,12,15,27
4bbdbdf6abbdbb73cedafe47831eafd1,"San Francisco Bay Area, CA",37.796470691622936,-122.4168576300144,9,8,17
0891ec75daf2bf9e823f4a02e21fa9fd,"San Francisco Bay Area, CA",37.870139,-122.268422,18,8,26
193169dbc243a90e9c68e9bd94763748,"San Francisco Bay Area, CA",37.87367621459825,-122.26848721504211,3,20,23
f00345a08621722a4e680cf784706a3c,"San Francisco Bay Area, CA",37.8677892,-122.2658964,13,10,23
2367c9313860a8dbae94ac5045768995,"San Francisco Bay Area, CA",37.8690599,-122.270556,7,20,27
6230d81b26fbf3b08d04f63a436c69f9,"San Francisco Bay Area, CA",37.8524766,-122.2702132,12,11,23
65097799f269d187692b073a83c0d4d3,"San Francisco Bay Area, CA",37.8660431,-122.2588044,7,12,19
47e30e549ebbe3b8fad38f2df2f1ad59,"San Francisco Bay Area, CA",37.8693603,-122.2543374,0,25,25
1b0c18aa2600cb61c4dc8594a02f4417,"San Francisco Bay Area, CA",37.8193814,-122.2619284,1,18,19
1ad3234f9bd6b3e93ef20656d9111087,"San Francisco Bay Area, CA",37.8262863,-122.2651002,0,19,19
efbe528107bed4defe202f50c2d6f2c0,"San Francisco Bay Area, CA",37.8403643,-122.2644881,2,13,15
ab6763b2d94b0eb690addb48b9cf3827,"San Francisco Bay Area, CA",37.8417999,-122.2515349,7,8,15
1e03b246c6716378bd815f00c7a635da,"San Francisco Bay Area, CA",37.84427875399067,-122.251900434494,19,4,23
1736d145e5ef5447a53cc9f100701ccc,"San Francisco Bay Area, CA",37.8444927,-122.261351,7,7,14
edd2cf03bfbe6ade0bd14f40ae4b5ece,"San Francisco Bay Area, CA",37.8087021,-122.2699271,6,21,27
df3ca6be81e340c4899ec6ae8c4429e4,"San Francisco Bay Area, CA",37.8113768,-122.2651925,4,23,27
b9afbe24f97e40d2168eed1c8184c07d,"San Francisco Bay Area, CA",37.8013189,-122.2626418,5,17,22
76b57950b5f2a4b0a4821e64bb700e24,"San Francisco Bay Area, CA",37.8426295,-122.267738,4,11,15
f848023d531b827a8e7c8c87173b6a4d,"San Francisco Bay Area, CA",37.8396488,-122.2717561,9,6,15
b735b2cab35ea7bdaff9b2ce7413984f,"San Francisco Bay Area, CA",37.79728,-122.398436,20,12,32
f64d35757bf16e8af5a408a9c72af91e,"San Francisco Bay Area, CA",37.792251,-122.397086,27,0,27
6c229502dbd727e48d9b7970dabbd21f,"San Francisco Bay Area, CA",37.788975,-122.403452,30,0,30
0794b05a99e808986301411273356796,"San Francisco Bay Area, CA",37.85022187449679,-122.26017236709595,7,4,11
e5a34fd23cbefa6b718d20509d1d8bdc,"San Francisco Bay Area, CA",37.33203868095132,-121.8817663192749,19,0,19
c84aa30b9e135787bd06304d3b4caf88,"San Francisco Bay Area, CA",37.788299978150825,-122.40853071212767,13,13,26
36aa8ab83177d5f5beb83685c7f645d3,"San Francisco Bay Area, CA",37.8007544,-122.2748943,7,20,27
f83da983e1b1de735ef62006310c76ba,"San Francisco Bay Area, CA",37.8401858,-122.2618225,15,3,18
ef3a4e5c05845ca17d2c2db654a2a5fa,"San Francisco Bay Area, CA",37.8357883,-122.2516207,0,23,23
eea0a9aed0f267d94aa702cd52458754,"San Francisco Bay Area, CA",37.8381269,-122.2512714,0,23,23
7e64ecd17d4a2708631d979da3ac4443,"San Francisco Bay Area, CA",37.33279952386071,-121.88385039567946,14,5,19
a3e415a5d4437c5b8ed58f5620a2acb1,"San Francisco Bay Area, CA",37.7735069,-122.4160402,16,2,18
25ccddba147690ec254ca9e68d3c559d,"San Francisco Bay Area, CA",37.7737932060887,-122.42123901844025,16,18,34
c7bb5e8c49bf8b8165f0d7f09d620df3,"San Francisco Bay Area, CA",37.7717933,-122.4337079,10,16,26
e941de3073caf24cb07ee3425c80e479,"San Francisco Bay Area, CA",37.7730627,-122.4390777,17,10,27
e8ac145be6193651c7de9caf2bece382,"San Francisco Bay Area, CA",37.799953,-122.398525,9,11,20
d777960e181c3911183b59171cded0a8,"San Francisco Bay Area, CA",37.7614205,-122.4264353,14,13,27
1a07a9e1057626b3844050832a2581bf,"San Francisco Bay Area, CA",37.7592103,-122.4213392,8,12,20
d77de46766fff22f98cbfff8959742da,"San Francisco Bay Area, CA",37.7605936,-122.4148171,8,9,17
1a8541216cf020de1dcf4f90c8fd0919,"San Francisco Bay Area, CA",37.7616343,-122.3906477,7,24,31
e8061d928a602d4e74975b184f61df6d,"San Francisco Bay Area, CA",37.7567083,-122.421025,12,8,20
e28f658f5100e41a80d7896d356bc7f6,"San Francisco Bay Area, CA",37.321181834267314,-121.9030898809433,15,8,23
b063f8d6a24fea4eb06aac2817efc46b,"San Francisco Bay Area, CA",37.32601084794081,-121.91232740879057,21,1,22
4ceb165eadff654c51cd12c1fc44b422,"San Francisco Bay Area, CA",37.774017937683546,-122.4238085746765,15,10,25
113b9406090fbc8b512ee504634da501,"San Francisco Bay Area, CA",37.7328128005294,-122.43414044380188,30,9,39
20506dc0614eddbe19dd917155bae3b7,"San Francisco Bay Area, CA",37.34398467798214,-121.87438488006593,16,3,19
e4484b938889737f1687d11b6ff02341,"San Francisco Bay Area, CA",37.330698,-121.888979,10,4,14
3933d9199c099118951ac7cf72031c13,"San Francisco Bay Area, CA",37.331415,-121.8932,15,8,23
0cc1f03c89a4048d7b2df21d498bde14,"San Francisco Bay Area, CA",37.329732,-121.901782,10,25,35
cad9a547732685a295e62323fd9aa378,"San Francisco Bay Area, CA",37.333798,-121.886943,15,4,19
7bb8d66fe7b1db88c66142fe3da816c3,"San Francisco Bay Area, CA",37.335885,-121.88566,12,11,23
3e4a340888aa808d7bbae5d2372c06dc,"San Francisco Bay Area, CA",37.333955,-121.877349,18,1,19
16b5b91495e0c631f87a21bdc3b2d41f,"San Francisco Bay Area, CA",37.834174,-122.272968,3,12,15
48ae1a8e476b68de634e7f103c359b56,"San Francisco Bay Area, CA",37.333988,-121.894902,5,4,9
b347e314d1a3b9d27875b46ce3fd7f70,"San Francisco Bay Area, CA",37.7719996,-122.3899698,10,19,29
5b3c9868ef64e09442b06df5ce4ef24d,"San Francisco Bay Area, CA",37.78045005996349,-122.43194639682768,6,17,23
d94a66f24de908a615ce0a46f27a682b,"San Francisco Bay Area, CA",37.78749210438603,-122.3982846736908,34,0,34
448833b358f62bf1d1206c813f792669,"San Francisco Bay Area, CA",37.779046658472055,-122.44729131460188,5,18,23
515b2fdc0cfb6110776790b85400f062,"San Francisco Bay Area, CA",37.75823842417928,-122.4260938167572,7,19,26
03cc61af40764524160f132da0f3f681,"San Francisco Bay Area, CA",37.8505777,-122.2781754,9,5,14
0a40fbe91996a7ac0b46d34871aa896b,"San Francisco Bay Area, CA",37.73981271734901,-122.42552250623703,5,14,19
ff965c7f0bb892bf7053a78b4df24275,"San Francisco Bay Area, CA",37.35288682729121,-121.88604980707169,9,6,15
49bb4994b8e1aacd936090458544f74d,"San Francisco Bay Area, CA",37.35306166133104,-121.89193725585936,19,4,23
1d2910bd99e3e2abbe63546c231cfab8,"San Francisco Bay Area, CA",37.77452040113685,-122.4094493687153,16,10,26
36460a8c801bc83206f3810f859f9573,"San Francisco Bay Area, CA",37.7765126,-122.4113061,2,25,27
d436129450e3a2223972a9b3f7134f73,"San Francisco Bay Area, CA",37.8723555,-122.2664467,10,13,23
1596efd5fa00679aefd3b5d3d1b2ef26,"San Francisco Bay Area, CA",37.866249,-122.2993708,10,13,23
0d5e25e4358800e347be5dd9808fabb5,"San Francisco Bay Area, CA",37.8658466,-122.2674431,14,9,23
4a2e731c87e9a1e07ad0f5c8a91efd4b,"San Francisco Bay Area, CA",37.86641794050319,-122.25379943847655,9,9,18
9cc649af249977ff781d4b755abd4388,"San Francisco Bay Area, CA",37.87055532905745,-122.27972030639648,12,3,15
569d5c153e5380ea2f286b48217ec566,"San Francisco Bay Area, CA",37.870407115465376,-122.29967594146727,4,11,15
af8c8625437ce60d8d247d158945ebd8,"San Francisco Bay Area, CA",37.88022244590679,-122.26959228515624,4,11,15
8be5197057004601e172a2eb9bbe1f11,"San Francisco Bay Area, CA",37.876572549106854,-122.26952791213989,0,23,23
02f7cffdcfad5a5d9863c1b70a7eb17c,"San Francisco Bay Area, CA",37.849594967776646,-122.26556897163393,6,9,15
ebbfe1c4b86ffc03d3be17ba20a6ec99,"San Francisco Bay Area, CA",37.8465156,-122.2653043,3,16,19
6ad0aba1d60a8bba74e69b3c7278acb8,"San Francisco Bay Area, CA",37.814988230424156,-122.27484405040741,4,14,18
4deef404025cb87bec9c395b953cdfd9,"San Francisco Bay Area, CA",37.8513755,-122.2525233,4,11,15
c2648d0ffed4d1f710ccaf79e9a304fa,"San Francisco Bay Area, CA",37.8005161,-122.2720799,4,23,27
8302e5d11a6c84bac27a774de41474f9,"San Francisco Bay Area, CA",37.7973195,-122.2653199,13,13,26
43944ce65c342e60c0ccf1c9f5ec51f6,"San Francisco Bay Area, CA",37.79857210846256,-122.40086898207666,15,3,18
60031404d0e98d8de9b6531836dc0888,"San Francisco Bay Area, CA",37.34113203547954,-121.89284384250641,17,6,23
a7d703c1d843d22ee42adb5e6db291da,"San Francisco Bay Area, CA",37.755367132158526,-122.38879501819609,12,19,31
5ea5e58b4dc5550721049acb54220651,"San Francisco Bay Area, CA",37.72694296622841,-122.40659952163695,5,18,23
c2e3051962238764d5e968e6f4544485,"San Francisco Bay Area, CA",37.86906047545393,-122.29339957237242,14,5,19
33424dfd71dd02911d83b5b683e55791,"San Francisco Bay Area, CA",37.771431362921085,-122.40578681230545,13,17,30
3367402e41d84a3c70c5056e5312bb24,"San Francisco Bay Area, CA",37.729278651730276,-122.39289611577988,13,6,19
c8131aed6f3df2f78149eb338df66e66,"San Francisco Bay Area, CA",37.8178269,-122.2756976,8,11,19
8ecedfe82a3e35413e8a45da10ace67b,"San Francisco Bay Area, CA",37.8277573,-122.2567156,1,21,22
891294b26b673dc172e2dc00d96ccf2e,"San Francisco Bay Area, CA",37.3509643,-121.9020161,21,6,27
7c2a6fcca214cf03806ad50164de0f0e,"San Francisco Bay Area, CA",37.3383952,-121.8807965,10,9,19
a4d58de82f6475801e4bf6cf97ecd387,"San Francisco Bay Area, CA",37.3371223728942,-121.88321471214294,15,7,22
086b31d113c141a26d19612139ad8956,"San Francisco Bay Area, CA",37.78352083526095,-122.43115782737732,14,12,26
fcbb52bd7f4fcf0f57a7cc47078c7ff4,"San Francisco Bay Area, CA",37.78487208436062,-122.40087568759917,13,3,16
03ec647221434cdad0abf4907706e949,"San Francisco Bay Area, CA",37.32673,-121.8892731,9,8,17
55287fdab6af4d37f97e17770b823bbe,"San Francisco Bay Area, CA",37.869966707604036,-122.28653311729431,14,0,14
0eddf1befddc9f3a1264cc05bf1a5e6a,"San Francisco Bay Area, CA",37.8624644,-122.2647911,7,16,23
e69e4dce53bdbe1ffe17185ee72fdcae,"San Francisco Bay Area, CA",37.8588682,-122.2912095,12,1,13
e526d675e9f591823eb822bebb0630b0,"San Francisco Bay Area, CA",37.8623199,-122.258801,3,15,18
780cbaed92260f59e763de62b4cebe1f,"San Francisco Bay Area, CA",37.776619,-122.417385,8,20,28
23c911eba61c38bd79e4df21cf9a8bc6,"San Francisco Bay Area, CA",37.7770527,-122.4295585,1,26,27
4e8692f7a9eae9f0575945f02a87ccce,"San Francisco Bay Area, CA",37.77754677017323,-122.43327409029006,2,16,18
98c24c05dd22720e562f0c3590fabfa4,"San Francisco Bay Area, CA",37.77610091264586,-122.4530929327011,19,8,27
76f3d32a941219346e34c87820139711,"San Francisco Bay Area, CA",37.780526,-122.390288,20,17,37
074ef2e71ff08fd484f93827ed83dafd,"San Francisco Bay Area, CA",37.775946,-122.4377775,14,11,25
45d4ba912fdbaf0e9d69cf9a1bde9a76,"San Francisco Bay Area, CA",37.7774157,-122.4418376,0,26,26
8846b5e327d73c5c91f52afb03bee796,"San Francisco Bay Area, CA",37.7644783,-122.4025701,8,11,19
ca3529cb0093cf568576c95492de5a68,"San Francisco Bay Area, CA",37.7610471,-122.4326417,6,8,14
59f57a632668a24ab18d8bc9ff703af2,"San Francisco Bay Area, CA",37.3600013909666,-121.87877833843231,10,8,18
be206c6cb9c61276d1e3b9ad2a0b8060,"San Francisco Bay Area, CA",37.32031582108647,-121.87009871006012,22,8,30
8521a7fa5b015f5cf91a490ca08e72d6,"San Francisco Bay Area, CA",37.33677476275722,-121.90914899110793,12,11,23
25b03a236b79e665a5ed9d316388b9cd,"San Francisco Bay Area, CA",37.31128394611736,-121.89632534980774,16,3,19
e14686289c6158d279b29ef56cae6582,"San Francisco Bay Area, CA",37.799207926286,-122.43412166833876,11,7,18
a39949a03aa488410e33371365084987,"San Francisco Bay Area, CA",37.32096853145443,-121.90829604864119,7,20,27
604d2b0f495cd7363effb81982012f93,"San Francisco Bay Area, CA",37.3233446905968,-121.91349685192107,7,11,18
8a8fb99412d0a44f24a97f4862e1b9d4,"San Francisco Bay Area, CA",37.336802,-121.8940901,12,3,15
53caaaa3c38e8f655c479672973ef040,"San Francisco Bay Area, CA",37.337391,-121.886995,10,12,22
9e5ac45cfc500231c17fbc5a3709ff44,"San Francisco Bay Area, CA",37.3172979,-121.884995,9,10,19
3eae0d76df97ee93ae21a685af42538a,"San Francisco Bay Area, CA",37.3184498,-121.8831724,8,6,14
32fec07f466d23ac5fa8be2e05d17312,"San Francisco Bay Area, CA",37.352601,-121.905733,18,5,23
a431cdd7c44ec9b167bee9612b5e9482,"San Francisco Bay Area, CA",37.3487586867448,-121.89479783177376,23,4,27
b5f7d134eef76458bdad1624fc3f0a3b,"San Francisco Bay Area, CA",37.342725,-121.895617,6,17,23
318839be2a66c41af52177023d7545cd,"San Francisco Bay Area, CA",37.339301,-121.889937,9,6,15
c978d0b507607e5cee77e5fc2e6caa7b,"San Francisco Bay Area, CA",37.332692,-121.900084,10,13,23
c65a5430e457385743757320e3fa705b,"San Francisco Bay Area, CA",37.77993,-122.2177284,0,19,19
aca2db0bb7fe57847fca972c91a02f72,"San Francisco Bay Area, CA",37.7837569,-122.2226033,5,10,15
f7b24d5a88d4a5280b0a123465ceeb9a,"San Francisco Bay Area, CA",37.7851915,-122.2343822,4,11,15
cb93a5239ea60f98f07d56d80346589c,"San Francisco Bay Area, CA",37.8113514,-122.2734217,3,11,14
7c15582391754cff6e2573d81f228933,"San Francisco Bay Area, CA",37.355029582252904,-121.90443634986876,9,10,19
35f5a7921e0006fdde8b661781c777f6,"San Francisco Bay Area, CA",37.7504343570623,-122.39044725894927,12,3,15
b91103a4e638130a1de6c5eea75a0854,"San Francisco Bay Area, CA",37.8312769,-122.2782669,10,5,15
18ecb3d50f2e42cbeaa54e2700fa3093,"San Francisco Bay Area, CA",37.8409452,-122.2913604,7,12,19
f72a227c01e328e88de3e27e883b5a42,"San Francisco Bay Area, CA",37.84052116694969,-122.29352831840515,9,10,19
ff03a6199ba2f74b66752643531826ec,"San Francisco Bay Area, CA",37.8419238,-122.2880451,14,1,15
cbdeb72b794ae1050a177368bee1364e,"San Francisco Bay Area, CA",37.8467842,-122.2913761,10,9,19
5d6e0c578a1ddd55e642440bed2c6cce,"San Francisco Bay Area, CA",37.8384435,-122.2886647,9,6,15
0e4da93fd7f3f40a487bcc523ea1e382,"San Francisco Bay Area, CA",37.77523486860597,-122.39743709564209,24,10,34
8aad0378e649dd2464b05c03175ee38c,"San Francisco Bay Area, CA",37.7807601,-122.3949894,12,16,28
b7c325ae70049e4e6f5a3564ec2697fe,"San Francisco Bay Area, CA",37.7719511,-122.4537048,7,12,19
eff2443c5e75c2a2c3a3ab87188227dd,"San Francisco Bay Area, CA",37.78227952975499,-122.40731298923492,15,0,15
bc2abce263a2f83bb06458da69bf02ab,"San Francisco Bay Area, CA",37.3477119817597,-121.89055323600769,17,12,29
147f785aa4926a3cabe56c607d6f6e7c,"San Francisco Bay Area, CA",37.77793367006746,-122.3969730734825,15,3,18
d52c0adcc197c7899d056dfd1caace76,"San Francisco Bay Area, CA",37.7963894,-122.3945855,11,12,23
28c7a7022b746c9a0f84784300c04904,"San Francisco Bay Area, CA",37.8332935222321,-122.25622415542603,0,23,23
0ad27fbfea7dbf64cba3f6afc153a3f6,"San Francisco Bay Area, CA",37.82669558640968,-122.27179706096648,4,19,23
d05740e23c0ff3996e6f82112e4bbf64,"San Francisco Bay Area, CA",37.8170154,-122.2717615,11,8,19
77b16a1c03301769253ef32bb442b56e,"San Francisco Bay Area, CA",37.72939320661727,-122.38653659820555,11,7,18
3962b15d560bc3563bcdd0e638d9f0f2,"San Francisco Bay Area, CA",37.740321776391326,-122.3767840862274,18,8,26
42d52309deeefe16d09e98539d8d72a1,"San Francisco Bay Area, CA",37.78292608704408,-122.38792061805725,4,22,26
967a7d65b042ed46b27f0f43ffa5af28,"San Francisco Bay Area, CA",37.78146761537824,-122.45880603790283,17,1,18
cf78144e1fe0f49224de5d9886357775,"San Francisco Bay Area, CA",37.3426625921454,-121.87729239463806,11,12,23
3a4f1c6eed8bd54668f9300dc876656b,"San Francisco Bay Area, CA",37.73629587217104,-122.38996982574461,5,17,22
251e5569c29684642d8e0c8462446b87,"San Francisco Bay Area, CA",37.77948760924334,-122.46314182877539,2,19,21
a33259544fdf29498c75150d70c4cbae,"San Francisco Bay Area, CA",37.73309280990925,-122.39097297191618,8,11,19
ca5e6d6274db743fd9930b284eb903a9,"San Francisco Bay Area, CA",37.7737172,-122.4116467,13,14,27
5cf229224ed4bd986fae2273573dbc6b,"San Francisco Bay Area, CA",37.77787007022392,-122.42295295000075,8,17,25
459b3320afadd43ccb25acb82163c335,"San Francisco Bay Area, CA",37.777609310293336,-122.45462179183959,10,10,20
b7d2d18241329be106efbcb2dd3fa13c,"San Francisco Bay Area, CA",37.3655356585599,-121.86796635389327,21,2,23
e7f4f5e18462680f3ab507c2dbd889a7,"San Francisco Bay Area, CA",37.324125951150876,-121.89971968531609,17,6,23
c9e4c1e83ef53fe6270ae6bda8ba1d8e,"San Francisco Bay Area, CA",37.309014074275915,-121.9000107049942,13,10,23
84be6cf420cd87e93c445a72b0368b99,"San Francisco Bay Area, CA",37.809368612134854,-122.26795077323914,16,15,31
7dd88dc392143af2bf399341cb327d01,"San Francisco Bay Area, CA",37.33802231313689,-121.91947817802429,19,3,22
05c88a5c130147a66fe2745f53dacc37,"San Francisco Bay Area, CA",37.338468014146,-121.86652064323424,12,3,15
4e4a339396983190a0ecaa5c61ddc18c,"San Francisco Bay Area, CA",37.796248,-122.279352,15,12,27
bb29347739d341f12609902860d0f408,"San Francisco Bay Area, CA",37.333677122859896,-121.90861791372298,7,12,19
c02f376ce247c2d13e7c83960210cddf,"San Francisco Bay Area, CA",37.788568914161615,-122.43540108203887,7,10,17
9b4875d1e3afe31dbbc63bebf073d004,"San Francisco Bay Area, CA",37.77122901793374,-122.40088641643523,17,10,27
07baaf6053a8f6bbd3820c137207c915,"San Francisco Bay Area, CA",37.78071988575564,-122.47610360383989,8,15,23
0fac71620fa19bbcbe3224593ed06c3f,"San Francisco Bay Area, CA",37.781130551698666,-122.44737446308135,6,21,27
5d6f80bbdf9b483b9e3a78830df93e19,"San Francisco Bay Area, CA",37.778486986397496,-122.45864510536192,6,12,18
8744f3ffea155dd0b5e223031ace4513,"San Francisco Bay Area, CA",37.800496036682574,-122.41088703274725,0,29,29
42bc17b335a9a5a1535de0e479de403b,"San Francisco Bay Area, CA",37.781840715520495,-122.46763586997984,11,16,27
1d84d9515239d01be7d4431cc9ce5728,"San Francisco Bay Area, CA",37.338670604639425,-121.89564406871794,13,10,23
ea61a83a34b04232f0247391ec3ae2e9,"San Francisco Bay Area, CA",37.8584732,-122.2532529,1,17,18
73f8aa6ec3250de2a02cc0763f5a19eb,"San Francisco Bay Area, CA",37.37111641335901,-121.88133180141449,13,5,18
7a10659bcb8e88d97a98531df0dcd2be,"San Francisco Bay Area, CA",37.79080303242391,-122.43259012699126,11,7,18
6fde6bae495dbd16f6cacfe31de263c6,"San Francisco Bay Area, CA",37.77666378283064,-122.40790843963623,3,15,18
dd90adb9ef523d88e8ffcc50c1bc2c47,"San Francisco Bay Area, CA",37.8361823,-122.2871801,6,15,21
4e3d30015e2540b96ddcfc11dcc42643,"San Francisco Bay Area, CA",37.34759257443888,-121.89966201782227,11,8,19
aca4a61933705a8f547227c4757e10cb,"San Francisco Bay Area, CA",37.35090179274617,-121.89584255218504,20,3,23
5e99ac28f681fbc2c1b49ad2c41a525d,"San Francisco Bay Area, CA",37.76578298679633,-122.45763659477234,10,8,18
63c1d64d1de2d99f101592fb22afa728,"San Francisco Bay Area, CA",37.326282324105776,-121.9049111008644,15,4,19
14a97c92c9427a9c2b254f07ae442ddf,"San Francisco Bay Area, CA",37.343208488473465,-121.88438951969147,14,5,19
4f4826a69b734f19e27008bfa1177585,"San Francisco Bay Area, CA",37.7258897887525,-122.45244383811949,9,14,23
0d8525708edd96daf05c39b671e8889d,"San Francisco Bay Area, CA",37.76343361023245,-122.46406316757202,7,19,26
df88c2e9c068b1f96081442b6cb639d9,"San Francisco Bay Area, CA",37.76393402521409,-122.47065067291258,8,17,25
be51642c8a13488ee2d0f79cca2d6307,"San Francisco Bay Area, CA",37.75770404149008,-122.39188492298126,22,9,31
2ce729f9d95e9007a9069c8e0d365511,"San Francisco Bay Area, CA",37.800459411713945,-122.24745869636536,9,14,23
ca0d2445e913702b584e668333dfd3d4,"San Francisco Bay Area, CA",37.78243851977672,-122.4653774499893,17,7,24
b897eab1a16516ea4c47640297cc4409,"San Francisco Bay Area, CA",37.78068,-122.450012,7,21,28
0c7d51b231f5c05163176b80b5c825bf,"San Francisco Bay Area, CA",37.804648,-122.402087,19,2,21
cbf173b581c32be79916dd0efa8472f0,"San Francisco Bay Area, CA",37.8335577,-122.2674183,3,15,18
dab6dfd8dec75e57a81fde7f12d39510,"San Francisco Bay Area, CA",37.785111,-122.477667,6,16,22
c859a624e28f1e670e9b7f8b2276c934,"San Francisco Bay Area, CA",37.781722,-122.492844,8,15,23
1a4ced4bb87081c0a92db3f014c92d19,"San Francisco Bay Area, CA",37.79762790889688,-122.423534989357,2,19,21
eace607a9b4ea4ea7b9fe0e5c17b04e7,"San Francisco Bay Area, CA",37.78657849953654,-122.45342284440996,4,20,24
63816efc067878fdff9a0d2a38531268,"San Francisco Bay Area, CA",37.8539069616438,-122.2896981239319,9,6,15
363a2381ec0d75a658698918d68d0edb,"San Francisco Bay Area, CA",37.756808,-122.405943,14,1,15
a9af746a9f25302bc6e438d12b4171f2,"San Francisco Bay Area, CA",37.772954,-122.509071,11,9,20
c6819c29250a339afc80c325c09cfaf2,"San Francisco Bay Area, CA",37.7632417,-122.4306746,7,12,19
059af05c37addf83badc457996fe45eb,"San Francisco Bay Area, CA",37.3302641,-121.8977018,5,14,19
a8ecd18d2c44ea14d8a396eba32c3fcc,"San Francisco Bay Area, CA",37.8388,-122.258732,4,15,19
9be7e0050df8db9c65bee11853497d9c,"San Francisco Bay Area, CA",37.86012459911685,-122.2693844139576,10,13,23
3f5c0437929a0f6dbc32f116850a4196,"San Francisco Bay Area, CA",37.8045623549303,-122.27173805236816,8,25,33
a6b2ae23c98c47b86a9e84062ea5c3ee,"San Francisco Bay Area, CA",37.79801364395978,-122.40595042705534,7,11,18
7ef616860128f1e359563871f977c210,"San Francisco Bay Area, CA",37.728281592452824,-122.4506950378418,9,18,27
dbd21ac9ae9f5cd34c4980b4f103b550,"San Francisco Bay Area, CA",37.7976728,-122.2629973,2,0,2
501383f10b2cb7bd652149a50b5418fc,"San Francisco Bay Area, CA",37.8107432,-122.2914153,9,6,15
1372941b523f4ca92d4bfee7ea85ac95,"San Francisco Bay Area, CA",37.795913,-122.255547,0,19,19
e9d82f4d2f1525cc654976f3fdf7f45a,"San Francisco Bay Area, CA",37.816073115011406,-122.26788640022278,11,8,19
02744ef00b430de0440ab88ecff71b2d,"San Francisco Bay Area, CA",37.795194764385954,-122.27396965026855,3,23,26
f113253f2f20870c00c7f115d631304d,"San Francisco Bay Area, CA",37.8123315,-122.2851712,8,7,15
08a97d1e8daf245e4fc7f5f3ab162213,"San Francisco Bay Area, CA",37.774152564302355,-122.21239820122717,2,17,19
0d33649125be2d062ec29061a27f700e,"San Francisco Bay Area, CA",37.781123,-122.2329915,7,8,15
d9f54ff90ab5ebf7383dd6a8541d48f1,"San Francisco Bay Area, CA",37.7927143,-122.2487796,3,12,15
ca8eeb013a7c04731be820a3205b8347,"San Francisco Bay Area, CA",37.794396,-122.253842,13,1,14
1756b8a7b00189ed5c04a3171959e3f7,"San Francisco Bay Area, CA",37.8160598,-122.2782444,8,11,19
182f517a38db07df6b2fcc8ac0da3617,"San Francisco Bay Area, CA",37.79013985185364,-122.24237322807312,10,3,13
ef1e16d2e298bfbc6724316dc9f2c3c8,"San Francisco Bay Area, CA",37.78381270927812,-122.43455886840819,20,9,29
f18e0e4c80e5eb999f88608c3ebd3e90,"San Francisco Bay Area, CA",37.79416044174933,-122.42156758904456,7,20,27
5d6369a9f895ab6203a6dcc3c0fca46d,"San Francisco Bay Area, CA",37.781981687527214,-122.43576988577843,11,15,26
af277a4997575219024a717b9bade2e0,"San Francisco Bay Area, CA",37.764285,-122.4318042,7,11,18
f1fd7bda2e0a3cf1900d275f24ff94ff,"San Francisco Bay Area, CA",37.7670373,-122.4154425,4,15,19
e4057435753640b4855f792619c151dd,"San Francisco Bay Area, CA",37.774814,-122.418954,23,3,26
26993f6ad0a30df7cc33bedb8efb5590,"San Francisco Bay Area, CA",37.788032,-122.395626,30,8,38
794cb9426661fc4ba684c6a147f4ea92,"San Francisco Bay Area, CA",37.783973,-122.442878,5,22,27
df3286fb70521afe8b7c68681e57f777,"San Francisco Bay Area, CA",37.780949,-122.456303,16,1,17
632b45a2c2a023d1f96723878028518d,"San Francisco Bay Area, CA",37.77779057034257,-122.40643188357353,10,3,13
6b13e6fa1252c733e32fdc7b13cba255,"San Francisco Bay Area, CA",37.775522,-122.498498,6,12,18
d97742ffbfb3863990d07359b7bdeb46,"San Francisco Bay Area, CA",37.8238474,-122.2811926,7,7,14
68a14ad0d601717764086eb2d3c5f071,"San Francisco Bay Area, CA",37.800213566969795,-122.25381016731262,12,23,35
3df46ea4730fd2f6a4f92007c9369299,"San Francisco Bay Area, CA",37.783899357084934,-122.40844488143921,21,10,31
22041eb5ac70f045466f45b5f7c7cebd,"San Francisco Bay Area, CA",37.76328094058097,-122.4073773622513,11,16,27
fdfed17363937bd17e69bb5f32b67257,"San Francisco Bay Area, CA",37.72238229348268,-122.44380980730057,10,14,24
a8473b935036a67569f58bc142608de6,"San Francisco Bay Area, CA",37.73017446887281,-122.43289589881897,9,10,19
8b0eb4e5f5c108a52011cb111fb4c008,"San Francisco Bay Area, CA",37.73890064447666,-122.38952457904814,15,4,19
c75e0c6b2fcb7c59d7c812600d5858f5,"San Francisco Bay Area, CA",37.766594,-122.398198,1,26,27
6d41d45711456aef7f31b60c4f9d2fa1,"San Francisco Bay Area, CA",37.7802645,-122.4066435,7,20,27
66f097190aabf98d9637e274b9d12265,"San Francisco Bay Area, CA",37.775681,-122.494064,3,12,15
8c6c32e76ed11f76a547517979e5a5e6,"San Francisco Bay Area, CA",37.7819295,-122.4827855,12,5,17
27c3e9e59901b5ef2bc26957ec7f3951,"San Francisco Bay Area, CA",37.8023,-122.4244135,0,23,23
713585c7fcbdca5115f70c1af67663a8,"San Francisco Bay Area, CA",37.765942,-122.449228,8,13,21
af18ee4922a37e2285a08671590d140e,"San Francisco Bay Area, CA",37.7864555,-122.399749,21,0,21
7071418d19cad4ca32c3343afb0da740,"San Francisco Bay Area, CA",37.7646845,-122.4199265,7,0,7
736fc2875818c9c987f51ec384edf384,"San Francisco Bay Area, CA",37.763333,-122.4220555,14,9,23
707f7090c1a175cd64f234c9ae512ec1,"San Francisco Bay Area, CA",37.7370395,-122.3944985,6,13,19
39ee44ea71e662e83149eae893414fe6,"San Francisco Bay Area, CA",37.784419,-122.439361,3,27,30
2d5b0e85ca198e366bd3fd61f459b981,"San Francisco Bay Area, CA",37.740048,-122.3834355,5,10,15
bfa38a76bddc6582afb8464350f47c61,"San Francisco Bay Area, CA",37.7703135,-122.3912365,21,3,24
b5191acf6c3d6a359cfec040ebe89bf7,"San Francisco Bay Area, CA",37.768227,-122.420359,12,6,18
19f34b48933b42de614327cee335bc6f,"San Francisco Bay Area, CA",37.7661,-122.4266585,1,17,18
4fa77307be791fef2d10d4d831f88415,"San Francisco Bay Area, CA",37.772219,-122.419976,10,12,22
586c5cb8082289a2f53eab0d1a2dbf4a,"San Francisco Bay Area, CA",37.750945,-122.4120835,6,17,23
fff91ff985e5954b8b94e603a44db763,"San Francisco Bay Area, CA",37.7914015,-122.391038,13,9,22
f7d2be8a428dc633c63ee68f69424754,"San Francisco Bay Area, CA",37.787332,-122.3881105,3,15,18
e9946e14a1f7f45c1e0ebe5b542c6e24,"San Francisco Bay Area, CA",37.8044325,-122.433523,7,19,26
101f0875b692a1f552e86de5c0a917f1,"San Francisco Bay Area, CA",37.774804,-122.446649,12,18,30
a799975c42155f6b266b5d32586aaa97,"San Francisco Bay Area, CA",37.7603435,-122.387449,22,1,23
d46af557385e4a2286fdc3640f7d48a2,"San Francisco Bay Area, CA",37.769263,-122.407054,19,7,26
f3610d0f5ffae773c0fa96f65b8d409d,"San Francisco Bay Area, CA",37.8026635,-122.4360635,4,21,25
0b48b03d8342258399d9bced9a3ae503,"San Francisco Bay Area, CA",37.769244,-122.4269645,3,16,19
f70db66502b4796997b8bba176c51dd0,"San Francisco Bay Area, CA",37.769818,-122.4291485,9,18,27
a88bf5305774cc6c645ab2d1822fcd8e,"San Francisco Bay Area, CA",37.7895875,-122.440683,10,9,19
9d87d3a0de545c12ed881712d64dad99,"San Francisco Bay Area, CA",37.7866115,-122.4500525,5,18,23
89c279924b0a3ab2d27e3467fed4c212,"San Francisco Bay Area, CA",37.775328,-122.458104,8,11,19
f3005d50220aa753c49f411e3b76e170,"San Francisco Bay Area, CA",37.795402,-122.4046885,22,7,29
0fdcfff2f1478e0e5a30f3e314103cea,"San Francisco Bay Area, CA",37.7942465,-122.402855,15,2,17
4dcfbaca6724925e3c8954925922392e,"San Francisco Bay Area, CA",37.794525,-122.3948805,24,0,24
4483551f97cfd276503daebebdd3aaa5,"San Francisco Bay Area, CA",37.772354,-122.4358575,0,25,25
aa0e5a1dd757b3c3bf56a453d2991fd4,"San Francisco Bay Area, CA",37.759162,-122.4100475,4,11,15
f7897e831ad97c2fa5840e08da6bfaeb,"San Francisco Bay Area, CA",37.7785885,-122.392553,20,17,37
6332163be54553da8f095c4fb801c725,"San Francisco Bay Area, CA",37.7763115,-122.394495,11,7,18
7952c04aad8b091ffb0455792174bf01,"San Francisco Bay Area, CA",37.730079,-122.3988045,9,6,15
e7e40470c749afdcf9f32d8097472c0a,"San Francisco Bay Area, CA",37.785876,-122.4089225,6,29,35
070137572879ff5807c0b7092e81cfac,"San Francisco Bay Area, CA",37.764965,-122.3990255,3,23,26
34fc2deb07ec971cc936deebee9d6435,"San Francisco Bay Area, CA",37.764794,-122.3947595,26,5,31
3fc45088ab7916d9c0dde2a509a40958,"San Francisco Bay Area, CA",37.7645435,-122.410349,4,14,18
9e7245a7f1c5faae54bc2b3a62cc2f6e,"San Francisco Bay Area, CA",37.7648385,-122.420141,10,8,18
36a236e6b9604e51e8d5fd525775d7c0,"San Francisco Bay Area, CA",37.780364,-122.4728095,17,10,27
bb693a5b9de4a21a17519b20070bff77,"San Francisco Bay Area, CA",37.7751205,-122.464998,7,16,23
52f32ae1f330ff50af83895a28ba2215,"San Francisco Bay Area, CA",37.8098236,-122.2801923,7,11,18
7f4a909e098fb6397beb2a26d0f8661c,"San Francisco Bay Area, CA",37.773238,-122.399998,2,21,23
0cf18ec4823b9cdecff532d3bdd14928,"San Francisco Bay Area, CA",37.770519,-122.442326,5,5,10
4cd2b4bfdb2c468ec1fe6574fb2ffaa0,"San Francisco Bay Area, CA",37.72095,-122.478859,16,13,29
4e07771716c0d80c636ae4877dd497a3,"San Francisco Bay Area, CA",37.722001,-122.482735,12,17,29
5289ffec013e1219c33bd45627d6cc15,"San Francisco Bay Area, CA",37.731085,-122.476163,14,12,26
17468bb5d5f9880c081fd67d02762c04,"San Francisco Bay Area, CA",37.775211,-122.511208,8,2,10
f8a8b70e16e4e36c77cab3d32886e671,"San Francisco Bay Area, CA",37.71616094545787,-122.440105676651,8,7,15
43f0ae83504f3d5f0a3866f86f7981fd,"San Francisco Bay Area, CA",37.783176,-122.393378,6,19,25
7355d2865f4ab7430c4fccf859e70d74,"San Francisco Bay Area, CA",37.808715,-122.2492512,3,20,23
acc0686d1655e283c3fd8e56bf11dbb1,"San Francisco Bay Area, CA",37.7851994,-122.3962173,29,7,36
fdf5f4679be9ae94f860552ca46a2648,"San Francisco Bay Area, CA",37.7840775,-122.411926,16,5,21
81743daa45d7537f3516399929314c40,"San Francisco Bay Area, CA",37.765429,-122.42189,13,9,22
7d3b620f6bcf01c82cbcc4d38dcb9af2,"San Francisco Bay Area, CA",37.8689109,-122.2587857,5,17,22
c917d243667759fcfcd40ad6e5f094e3,"San Francisco Bay Area, CA",37.7476755,-122.420215,6,13,19
0352198bb64490fc09c2d7bfd2604bcd,"San Francisco Bay Area, CA",37.78646613354221,-122.39871607983103,17,0,17
c6e8c3120ecdec6385cc3ae4a8350d9b,"San Francisco Bay Area, CA",37.7896195,-122.400808,24,0,24
61899ad7362b9fd85580c8a4b01512f8,"San Francisco Bay Area, CA",37.790296440371655,-122.3938751220703,30,0,30
ad26540e1125e68ab4879dc6fae3af6d,"San Francisco Bay Area, CA",37.355692651246365,-121.89225107431412,10,12,22
65134e1e5e8d3b200c458d533e7d544c,"San Francisco Bay Area, CA",37.8027671,-122.4132756,1,18,19
3841fc554143a337540447bec2f0fdb5,"San Francisco Bay Area, CA",37.349426308788004,-121.8876188993454,14,9,23
0267ea932e83058a086f124bb3201e01,"San Francisco Bay Area, CA",37.770282,-122.4154585,8,19,27
8062a6539108d66e12358da13f13edeb,"San Francisco Bay Area, CA",37.7692231,-122.43406206015258,7,12,19
48ba123e5a33a970f0997479f9794db3,"San Francisco Bay Area, CA",37.7685449,-122.40423738710535,13,14,27
4f47b8bd185f009310de3cfb7485fa33,"San Francisco Bay Area, CA",37.83575,-122.262654,0,15,15
b46fb6a16744722ffa62b1ce67e39c24,"San Francisco Bay Area, CA",37.837369,-122.267656,0,23,23
d66319981ad69928f023203bb7187706,"San Francisco Bay Area, CA",37.7735622,-122.4425712,2,26,28
c5e47b7f70b288a5380083f24ea161fb,"San Francisco Bay Area, CA",37.802688402040665,-122.26914636790752,8,11,19
4083ecaf02c77e52e231c6b0722799bd,"San Francisco Bay Area, CA",37.80717108096738,-122.40927904844284,7,11,18
603633a3090a33202ead9a738b2769d2,"San Francisco Bay Area, CA",37.797249,-122.427457,4,13,17
b1ac1179990a85f48f10858c0c955f25,"San Francisco Bay Area, CA",37.7587,-122.463774,5,21,26
a05fe47c9fd8c5a7b7a26dd493c432e7,"San Francisco Bay Area, CA",37.806929,-122.411536,0,27,27
2a8959c3baaa195b792c530d7f9dd6e5,"San Francisco Bay Area, CA",37.805442,-122.42313,0,33,33
a5bd8d2ff1e04067ac03bc476dc774e6,"San Francisco Bay Area, CA",37.760278,-122.419074,10,9,19
53c34886b92d0727ee65c8fd129c34bb,"San Francisco Bay Area, CA",37.7228179,-122.4472364,19,6,25
5f9edd66e1542839db53015eca6c8a07,"San Francisco Bay Area, CA",37.7861375,-122.405234,33,1,34
b883d49e7f389097a81bf73b17acc46c,"San Francisco Bay Area, CA",37.78709359600294,-122.41670072078705,7,19,26
fda7185b4c97e338faf660d39aa119cb,"San Francisco Bay Area, CA",37.8753207,-122.2601554,2,13,15
7e5268ba3d954970d713adc1dc286182,"San Francisco Bay Area, CA",37.782574,-122.442203,10,16,26
c91d4150a09e136d5cca66643c9f936d,"San Francisco Bay Area, CA",37.8020552,-122.4017154,20,10,30
68d800de7c6b093ac2340d6bab986410,"San Francisco Bay Area, CA",37.7822586,-122.3914651,33,2,35
ef28178bdcbbd76da0a630ecba6555a5,"San Francisco Bay Area, CA",37.8494355,-122.2525406,7,15,22
7f25a5477bd79f776a9078c30f768517,"San Francisco Bay Area, CA",37.8051895,-122.29461686454057,16,7,23
fd03c3ceeecfe485dd0cdd8ef72f8e69,"San Francisco Bay Area, CA",37.7690102,-122.42224826223539,5,13,18
ded85e8cd7b30115d3ffec9b0777fb50,"San Francisco Bay Area, CA",37.82246767714513,-122.26597130298616,4,19,23
c6056f5b51537a2dfd4bf1538444e335,"San Francisco Bay Area, CA",37.324414,-121.88078,16,3,19
0ceed296dc7ef21bc6dc3999e23db576,"San Francisco Bay Area, CA",37.3364659,-121.8766132,17,2,19
398065f9acb4e27da84e4e78ed3de99c,"San Francisco Bay Area, CA",37.805376,-122.437261,6,19,25
0167c2413c3487d67d1dd7d906389959,"San Francisco Bay Area, CA",37.7637348,-122.41552403555308,15,8,23
625d6b7f33c6aec660a79f1afeaf3c30,"San Francisco Bay Area, CA",37.7811944,-122.3999862,5,26,31
981f5cc5c2c79e96e101c3c20cd56213,"San Francisco Bay Area, CA",37.7788325,-122.4181591,9,10,19
1a53a1426ed4935f80f5865b7d2d676e,"San Francisco Bay Area, CA",37.778799,-122.4159632,12,17,29
d0a123ad15c1a36560424772600f87dc,"San Francisco Bay Area, CA",37.722601,-122.3922705,14,5,19
4a3745a8d75f6261405f5e9a1b5e8f0c,"San Francisco Bay Area, CA",37.3398531,-121.8636494,11,4,15
4a766283f8c81155d42781201794fc18,"San Francisco Bay Area, CA",37.80028668467315,-122.42578603327274,1,17,18
5edf73914cb05d5a4ba7f03cc573a2e5,"San Francisco Bay Area, CA",37.792979854977766,-122.4233016371727,2,24,26
e7383e730f9fa46419cd5e84fcea3a88,"San Francisco Bay Area, CA",37.8285951,-122.2663493,21,10,31
74eca875c15c9468d4dbcece710bc596,"San Francisco Bay Area, CA",37.33116799422201,-121.88693761825562,8,11,19
78af524c0f2ab327bf75ca1bee9d1e08,"San Francisco Bay Area, CA",37.767256698389865,-122.40032913185132,19,4,23
700a9ce7584edef750fd2f8481a9c802,"San Francisco Bay Area, CA",37.7870025,-122.420053,4,16,20
b04f626c4d402aefbecd84d326e5fd55,"San Francisco Bay Area, CA",37.7737524,-122.3914274,6,11,17
5f212a36c28e610e4e579916b4000dfb,"San Francisco Bay Area, CA",37.7971765,-122.4036272,9,5,14
168084f0f6ef878a07cb0049fd00f52a,"San Francisco Bay Area, CA",37.764783,-122.3908972,14,12,26
59d793b5df7d636956033d6eea577230,"San Francisco Bay Area, CA",37.791966,-122.429315,9,16,25
b815170d0444b1b5cc5f6746d98c31f3,"San Francisco Bay Area, CA",37.7981975,-122.4474145,14,12,26
8abfd40237f50ff2362082bfe32d8edf,"San Francisco Bay Area, CA",37.788048,-122.438812,8,19,27
af494e5a9e2088b870da22baaaf0e15b,"San Francisco Bay Area, CA",37.768872,-122.3911087,25,8,33
b98c3de69eaf29844c9732daec3d6ff2,"San Francisco Bay Area, CA",37.750506,-122.4339496,3,16,19
51210c5c24903a6525cdfaec38109ec9,"San Francisco Bay Area, CA",37.7965927,-122.4556884,7,12,19
fc34cbf70e34346806c43b6579117bc0,"San Francisco Bay Area, CA",37.799676,-122.452599,11,12,23
df9c9c79952699cc041118a331ea9cc2,"San Francisco Bay Area, CA",37.72489268384971,-122.4432384967804,7,15,22
5dc0d98ea835b4c9743d4e2cdd515dde,"San Francisco Bay Area, CA",37.726266,-122.479462,11,16,27
97871d03b345e3aa1de1dbed3640b700,"San Francisco Bay Area, CA",37.725603,-122.476561,7,7,14
e427fa5d07c952f21297dbd9c7693407,"San Francisco Bay Area, CA",37.723426,-122.455102,5,14,19
1a71ef24deb93ea8024083bb3f0ed6c2,"San Francisco Bay Area, CA",37.7273951,-122.4354739,6,17,23
9e198bfb3768336d1059c0b7dc3551fd,"San Francisco Bay Area, CA",37.776598,-122.395282,6,11,17
9c81093a3f86e1cc41f46b1838f6393e,"San Francisco Bay Area, CA",37.76352708498452,-122.47949242628238,5,13,18
9b2224a1373751614a6294525f64a9b5,"San Francisco Bay Area, CA",37.825785004382006,-122.25346968515623,14,5,19
daa8d15a7ecea64fbabdca15956a2f20,"San Francisco Bay Area, CA",37.82268385945021,-122.27292420364392,9,10,19
b949f871161f40eb2949854a85a0472a,"San Francisco Bay Area, CA",37.31975695999228,-121.89299941062927,12,7,19
d671d6957e264a7b085310cc05298930,"San Francisco Bay Area, CA",37.77583378631289,-122.40269154310225,12,7,19
6e78a70d9191e84c4e42094f11cc1a03,"San Francisco Bay Area, CA",37.79917511263459,-122.44272915651891,12,9,21
f6c781054ead7bb20ebc00b4c71df148,"San Francisco Bay Area, CA",37.36508806048156,-121.87161205351002,19,6,25
338a6ebbd36aadefe8e02fe32c0cbad0,"San Francisco Bay Area, CA",37.7930958,-122.3988357,30,0,30
db74e777cff989d3092874407066be1b,"San Francisco Bay Area, CA",37.78970984996185,-122.40548387640955,29,3,32
1ec14f81aa8ab53a816605d7b4e95718,"San Francisco Bay Area, CA",37.7724385,-122.4039235,7,16,23
673e986859c497d19910fb855d883df7,"San Francisco Bay Area, CA",37.82352279021405,-122.27718830108643,4,15,19
a1e040b32aa8e99ec1bf2f45df9f21e9,"San Francisco Bay Area, CA",37.7717667,-122.3866885,17,9,26
8d7a98f0ca21bd4480ed0f4ef325deb7,"San Francisco Bay Area, CA",37.730655429236556,-122.44430475172521,5,14,19
30e0fcdd9de72e8344b6289760bb788b,"San Francisco Bay Area, CA",37.75016713801581,-122.38654196262358,8,11,19
37b6933a84b09d2210c7d8e02b0ca24f,"San Francisco Bay Area, CA",37.803968,-122.455079,14,1,15
6031193f19bd40cf2b23f30885bac302,"San Francisco Bay Area, CA",37.801750101596625,-122.4563633604339,13,5,18
b8644a87f64a3672609640fee7a2adc2,"San Francisco Bay Area, CA",37.725372,-122.393954,5,18,23
f69e56899850a97f22c2c773f7f298bd,"San Francisco Bay Area, CA",37.81258108581741,-122.26857304573059,12,11,23
7201ad6fe2a1e03ff9ea5749d84c354d,"San Francisco Bay Area, CA",37.80303013575619,-122.27049618959427,7,16,23
1feac469cb3c80737bac815a7a5ebabc,"San Francisco Bay Area, CA",37.78899099599619,-122.3922550678253,17,10,27
3ed879a85fa1fb4c29cb8fae8aaf6ea2,"San Francisco Bay Area, CA",37.76909488728109,-122.38633275032042,26,17,43
e39f47e22d92b577730c9775a91ada5f,"San Francisco Bay Area, CA",37.824892529951114,-122.26043654610294,1,29,30
dc67baf6606c0c454dcc83620d2c2c68,"San Francisco Bay Area, CA",37.7892792,-122.4450687,10,13,23
1edf61345559602d4fdbe99ff0435d6d,"San Francisco Bay Area, CA",37.85760774739988,-122.26160466670989,14,1,15
bb24af92bc9bac069a94fdfb41416cfb,"San Francisco Bay Area, CA",37.771134537078765,-122.44534134864807,18,12,30
7bdc5767ed0d5584df3a881a0f14d8f4,"San Francisco Bay Area, CA",37.742075235944235,-122.38660231232642,8,11,19
4abc42e82f8ded5c57afb682b7cdb3d7,"San Francisco Bay Area, CA",37.7688065330825,-122.41349816322328,4,15,19
c00825d99ce3a531a80181f00591df1d,"San Francisco Bay Area, CA",37.8356703,-122.2811258,9,9,18
808403b6d452824362356cade06f780c,"San Francisco Bay Area, CA",37.785479,-122.419342,3,22,25
9cd844a2550061d3844a92096a4d813c,"San Francisco Bay Area, CA",37.787963,-122.3918085,0,20,20
b6711ddae98be23ce743e6d9639a906a,"San Francisco Bay Area, CA",37.77599270441184,-122.39300568626935,30,2,32
afbe353b9aed12eef5acb85e441d69d1,"San Francisco Bay Area, CA",37.833538871616035,-122.263693665756,8,10,18
d9de41e1c87470529dcbb1b43bd76eaf,"San Francisco Bay Area, CA",37.8063553,-122.2860187,6,15,21
99889922f5848c7ca3e2c2f740cebd9f,"San Francisco Bay Area, CA",37.7543047,-122.4785927,4,11,15
9988c535057533619fdb58b42055c6fa,"San Francisco Bay Area, CA",37.7540396,-122.4840403,6,9,15
0f792274b026e9a847cfef3872a3fa00,"San Francisco Bay Area, CA",37.7539295,-122.4883438,5,14,19
813512459d9c9f8a7291e00a9c46e467,"San Francisco Bay Area, CA",37.7628993,-122.4953893,14,7,21
a8ad4be2133b3245c07419ddb7684eb7,"San Francisco Bay Area, CA",37.7626492,-122.5007785,6,11,17
c3288c5dc8fec444070c4aeb739f23e8,"San Francisco Bay Area, CA",37.7589001,-122.4951291,15,4,19
ba68e968feece64c5ae1449160642bd1,"San Francisco Bay Area, CA",37.763874,-122.509526,8,15,23
2e1a346200097628f0f01d08478a319d,"San Francisco Bay Area, CA",37.752809,-122.504261,11,8,19
91bba2bf0246d6623c164d42c47736e4,"San Francisco Bay Area, CA",37.763721184118076,-122.4753742486682,13,14,27
df10df40d6e917dc5950502045c2c6d8,"San Francisco Bay Area, CA",37.75699964338489,-122.50255097589334,12,2,14
2d86977182197367c646152cca0e821a,"San Francisco Bay Area, CA",37.75300468614256,-122.5085402813285,12,7,19
9a18b71be61bcec4e11553e09ff2911e,"San Francisco Bay Area, CA",37.751471937685125,-122.49855753927035,8,14,22
9acfb5cd8e156f410d3463f9a42afc72,"San Francisco Bay Area, CA",37.80445377683579,-122.41579377360823,11,15,26
a7154dfcba68b868867b64a11d8a7a56,"San Francisco Bay Area, CA",37.74058873182711,-122.38908866713396,8,7,15
cd7a5ce186d9176b083cd322482ef36d,"San Francisco Bay Area, CA",37.75173717215301,-122.49560004673242,13,5,18
3d313d16cad18a25bd406bfaef335b65,"San Francisco Bay Area, CA",37.774256,-122.40185,13,15,28
2fcc4197d2f7cdce6cececa4496ec514,"San Francisco Bay Area, CA",37.78384421884662,-122.390002088434,7,20,27
366a420aef7c94bd8bcbe1e6557d2f1e,"San Francisco Bay Area, CA",37.785359635574224,-122.4318015575409,18,11,29
c0a9bd7193ca3e9de37807ec58cc08d8,"San Francisco Bay Area, CA",37.7824146203997,-122.40019999757254,4,31,35
e11fc22c0e5448c0c115dfeca7a6f506,"San Francisco Bay Area, CA",37.78235803304849,-122.39312995744227,26,3,29
456bf3370b191fab5745567356a8423f,"San Francisco Bay Area, CA",37.7423139,-122.4231805,8,7,15
f90fd0c728ade1a5f3ca0327f3f7eccb,"San Francisco Bay Area, CA",37.346480293729044,-121.86856960181206,17,1,18
c8eb138910e36025b0efee10ac872b06,"San Francisco Bay Area, CA",37.75488391783665,-122.42564865054452,4,11,15
0129b835b33f6afca778ebfb90453aad,"San Francisco Bay Area, CA",37.780805727779445,-122.42190607010215,7,24,31
ca8bbd40ae8b3beb63c5cc63a1c73a0f,"San Francisco Bay Area, CA",37.8559558,-122.2597949,1,17,18
3649abee4c69d3d77dde28e45178e28a,"San Francisco Bay Area, CA",37.80330737378947,-122.41489757374517,1,24,25
936e00689968a8d14dc94153aa959f3f,"San Francisco Bay Area, CA",37.7896297,-122.39033527452119,16,0,16
a861792de6f7790503849a5227a1f8c6,"San Francisco Bay Area, CA",37.758862,-122.412544,5,10,15
66d26936d43ac2f677f522354e3ef5a5,"San Francisco Bay Area, CA",37.7638471,-122.4130036,5,12,17
018bfeb8a511bb60ffbb0cab866667ab,"San Francisco Bay Area, CA",37.7642245,-122.4673775,0,22,22
4e1430cadb362b419ab9c7b98552dc47,"San Francisco Bay Area, CA",37.7974387,-122.4339891,11,12,23
70369211f292150a6b4ee0dca590e273,"San Francisco Bay Area, CA",37.759211,-122.4367975,8,10,18
95814ccce398155f5f015f98691997e8,"San Francisco Bay Area, CA",37.7762475,-122.4262025,2,23,25
8bcaedd0aae11bc0ca98eaddb741e0c0,"San Francisco Bay Area, CA",37.8738556998122,-122.28298832384976,15,16,31
fa32d245becfeba6d7b6034133e59d95,"San Francisco Bay Area, CA",37.75199174291808,-122.4189799743526,17,2,19
ad6ea721fdfd2adb019b94851cd867fb,"San Francisco Bay Area, CA",37.773587,-122.471357,13,13,26
d1e2c9dcb40601ed84bb807ed68dd855,"San Francisco Bay Area, CA",37.78244163642955,-122.47198741577117,12,15,27
a8f100ba778a83e476dfe8d534b9b84f,"San Francisco Bay Area, CA",37.77756936716073,-122.42656908597016,7,24,31
e27d0571f6c72cbccd366407f81ec2c9,"San Francisco Bay Area, CA",37.77344259318636,-122.42715750770117,4,20,24
b7988dd90281c6ada0a09909480e8413,"San Francisco Bay Area, CA",37.805454,-122.413668,1,21,22
8e711e8b90789c76e17e55c44e975fc1,"San Francisco Bay Area, CA",37.7810737,-122.4117382,14,16,30
db937467876feef9bb1695c3ea31779c,"San Francisco Bay Area, CA",37.795001,-122.39997,19,11,30
5fa855c2c331a45b50d352a9d974d13c,"San Francisco Bay Area, CA",37.767078504583665,-122.40735858678818,20,4,24
9f8be529b2440f9bb6bd631df34da61d,"San Francisco Bay Area, CA",37.77290764129927,-122.46593131805308,19,8,27
1c1e81258c2a201450e8dcf8d2b749d0,"San Francisco Bay Area, CA",37.76486899,-122.5004981,0,10,10
56d0385bcfa455f8eaca562d8ba18ac3,"San Francisco Bay Area, CA",37.770478954997095,-122.5105938991249,15,7,22
fa1ea329b95e7733d38b7a6aab8e23d6,"San Francisco Bay Area, CA",37.77169999448369,-122.45828202004182,6,11,17
477ed47b789459eda3a3ee2597c74f4d,"San Francisco Bay Area, CA",37.7666140891107,-122.46421122480089,3,24,27
d2ac19a2bb356f022983008bcd6ca5e1,"San Francisco Bay Area, CA",37.76781983,-122.5018675,0,5,5
db8d54f6cc7dcbbf1d74783000539749,"San Francisco Bay Area, CA",37.77093751,-122.4771164,2,6,8
6aba782b9e02d7ae351e6e9f81a7c330,"San Francisco Bay Area, CA",37.76872962,-122.459429,0,5,5
1b3d97eca9393abbf229aef9b3f80fda,"San Francisco Bay Area, CA",37.731921207892626,-122.3898859765855,8,10,18
051b0abcc6ba494a27fc5ee5b0f8acf7,"San Francisco Bay Area, CA",37.768384314385024,-122.45196695803196,19,8,27
855a2c4c5b320d1349a9be0845dd85d8,"San Francisco Bay Area, CA",37.771589,-122.495772,15,10,25
c3cf9f70a03c5c44518ef993788a3804,"San Francisco Bay Area, CA",37.86210729531374,-122.25337594777848,2,17,19
357fd139c7fb61a5042d7762465f026b,"San Francisco Bay Area, CA",37.72326479620352,-122.43782585917543,9,6,15
23380b8a44b5a84e35b46c237375bb2b,"San Francisco Bay Area, CA",37.77911463264767,-122.4368621254282,4,22,26
3078e248aa5a95d81309e36126e02ded,"San Francisco Bay Area, CA",37.720038,-122.433823,11,7,18
62ebe94be4b64b45486c9fdf6d299670,"San Francisco Bay Area, CA",37.72024,-122.425312,7,12,19
6c19c7f80a0d01e4aabf6f13d53c06fe,"San Francisco Bay Area, CA",37.795392,-122.394203,18,18,36
80c7973e0fdb7b11015080cefbb6e226,"San Francisco Bay Area, CA",37.78175809088735,-122.48602866997177,10,6,16
5007d4ff24ba43672b32f52b6925d0f9,"San Francisco Bay Area, CA",37.7813332251007,-122.4048243192974,13,10,23
c19ae619997c2e539d8f05cf888227b5,"San Francisco Bay Area, CA",37.75452190090258,-122.40403879371094,4,11,15
d3c1dff282d36fbf963709c8b91b0036,"San Francisco Bay Area, CA",37.77168,-122.422301,7,11,18
c3f23e80b4cc92bd07c16c8c01396168,"San Francisco Bay Area, CA",37.72063402240577,-122.4475379192397,8,11,19
6b80675043c11bd06ad29088e0413284,"San Francisco Bay Area, CA",37.78847870510701,-122.42033508761928,14,9,23
3da2945ad9269faf898aec1fec666322,"San Francisco Bay Area, CA",37.790588343975,-122.41893285742222,2,18,20
3b21c47a7d6413799ea24aa253b39afe,"San Francisco Bay Area, CA",37.7744791,-122.4139142,9,1,10
7bd3f00977c94df4817138a8385b4874,"San Francisco Bay Area, CA",37.86281710670802,-122.2902952903697,10,13,23
41f27fdd53fede0d5357c2c171edc3af,"San Francisco Bay Area, CA",37.7353216,-122.5053186,1,5,6
d1e5a7691ae27b972b559e2edd04bbcb,"San Francisco Bay Area, CA",37.7489641,-122.4571037,0,10,10
29da4802547b9a51cff1bd5836cef5a1,"San Francisco Bay Area, CA",37.7426678,-122.4834267,0,5,5
18adfd791bfd3e12aaa30776dd15e221,"San Francisco Bay Area, CA",37.79672497398881,-122.40165818847979,9,20,29
1d3311eb40d408f95130d661a972f931,"San Francisco Bay Area, CA",37.7481775,-122.4591988,1,3,4
73a72ca805ad3c79a5e58283b71defb7,"San Francisco Bay Area, CA",37.7420934,-122.4985285,1,3,4
5791c2db3d3bd97ecee8e7ea24b7da34,"San Francisco Bay Area, CA",37.7249138,-122.4614828,0,5,5
067511925522b73324038e5a84bd82e3,"San Francisco Bay Area, CA",37.7380013,-122.5062969,3,1,4
74983ebb3735ffd34ed31c726c93566e,"San Francisco Bay Area, CA",37.740507,-122.4663653,2,0,2
cdfac5822d23909740982c326872e894,"San Francisco Bay Area, CA",37.7316601,-122.4733101,0,2,2
cd3da1bc74db27b06bea1a45432d2cbf,"San Francisco Bay Area, CA",37.745631,-122.5074385,0,5,5
e70da5d2870463301c04ca4d3ef111a5,"San Francisco Bay Area, CA",37.7375131,-122.4694914,0,2,2
4fc7bd7f780efd9d24008b36c54619de,"San Francisco Bay Area, CA",37.7430051,-122.479359,0,3,3
09a4bd526fef76dbd17c0dfcfeea3171,"San Francisco Bay Area, CA",37.7485077,-122.4784194,0,2,2
418398cccab726cd172ec1d307f282c7,"San Francisco Bay Area, CA",37.7418534,-122.5068902,0,4,4
14c3f41a1152d98be821655cc9b348ef,"San Francisco Bay Area, CA",37.7244072,-122.4587692,1,4,5
0b553bc241bd849bba77a19768d0d4c0,"San Francisco Bay Area, CA",37.7699501,-122.4816534,1,15,16
cabeec8be83a026f52c31a0816cd0766,"San Francisco Bay Area, CA",37.7708604,-122.4899713,0,20,20
bb2e1b34856ee10c1d9cefa88f4efe5a,"San Francisco Bay Area, CA",37.7699245,-122.4845999,0,20,20
a7b644324531b20df09bb1f1199b560d,"San Francisco Bay Area, CA",37.7807382,-122.4027281,6,24,30
147b91431e228c6275b040c2cd4d05aa,"San Francisco Bay Area, CA",37.78383,-122.39887,18,16,34
222c002644107f260e59c8946fb6d383,"San Francisco Bay Area, CA",37.734966,-122.429772,9,10,19
ab741e822e0f3d8fbe790e967e8fb5bd,"San Francisco Bay Area, CA",37.800494,-122.432759,6,15,21
0e9c72c9b1ad40895bce8ca0c30b5fae,"San Francisco Bay Area, CA",37.7604469,-122.410807,5,14,19
53b368c9afad1e62458cfb4004242c91,"San Francisco Bay Area, CA",37.81225021872637,-122.2607185732995,1,22,23
c75e93a1b06f2193e6b8b441864d515d,"San Francisco Bay Area, CA",37.713185,-122.433405,11,12,23
5ab52d66efe0c5e81d285f448ba5d427,"San Francisco Bay Area, CA",37.77855734730058,-122.47798977442686,12,7,19
9b0277ca0bdb11f026046354302f18f8,"San Francisco Bay Area, CA",37.76344319627197,-122.48355373749291,0,19,19
71b5470b524f2f696ab84351d0e7364e,"San Francisco Bay Area, CA",37.78136135362254,-122.41852998313826,1,30,31
